year,ticker,ticker_clean,longName,shortName,sector,industry,beta_selic_30d,pvalue,r2,n_obs,significant,median_return_30d_after_copom,mean_return_30d_after_copom,avg_volatility_20d,max_drawdown_pct,avg_volume,total_return_pct,beta_band,beta_abs,sig_label
2020,COGN3.SA,COGN3,Cogna Educação S.A.,COGNA ON    ON      NM,Consumer Defensive,Education & Training Services,-131.8966,0.0017,0.9752,5,True,2.6476,11.7722,73.0481,-71.3839,62271863.0,-73.5521,Mais sensível,131.8966,significativo
2020,PRIO3.SA,PRIO3,Prio S.A.,PRIO        ON      NM,Energy,Oil & Gas E&P,-122.1018,0.2626,0.3869,5,False,11.5034,29.41,90.8834,-78.791,22072996.0,721.416,Mais sensível,122.1018,nao_significativo
2020,BPAC11.SA,BPAC11,Banco BTG Pactual S.A.,BTGP BANCO  UNT     N2,Financial Services,Capital Markets,-120.3533,0.0602,0.7431,5,False,23.6528,16.7056,63.9318,-68.0142,13256429.0,461.1016,Mais sensível,120.3533,nao_significativo
2020,CYRE3.SA,CYRE3,Cyrela Brazil Realty S.A. Empreendimentos e Participações,CYRELA REALTON      NM,Consumer Cyclical,Residential Construction,-96.2315,0.0429,0.7927,5,True,1.2703,10.3337,67.7148,-63.7871,7700792.0,172.7623,Mais sensível,96.2315,significativo
2020,AXIA3.SA,AXIA3,AXIA Energia SA,AXIA ENERGIAON      NM,Utilities,Utilities - Renewable,-76.9903,0.1718,0.5158,5,False,31.2114,21.2643,63.3401,-63.5232,5979484.0,108.9851,Mais sensível,76.9903,nao_significativo
2020,DIRR3.SA,DIRR3,Direcional Engenharia S.A.,DIRECIONAL  ON      NM,Real Estate,Real Estate - Development,-76.7048,0.0132,0.9029,5,True,7.0529,12.2298,57.7222,-60.957,4469829.0,182.2745,Mais sensível,76.7048,significativo
2020,YDUQ3.SA,YDUQ3,Yduqs Participações S.A.,YDUQS PART  ON      NM,Consumer Defensive,Education & Training Services,-69.1395,0.2314,0.4275,5,False,-2.6674,8.0394,64.0213,-63.5689,3890989.0,8.053,Mais sensível,69.1395,nao_significativo
2020,SBSP3.SA,SBSP3,Companhia de Saneamento Básico do Estado de São Paulo - SABESP,SABESP      ON      NM,Utilities,Utilities - Regulated Water,-66.8637,0.0958,0.6577,5,False,10.7874,7.659,50.6007,-54.0394,20010197.0,40.1408,Mais sensível,66.8637,nao_significativo
2020,B3SA3.SA,B3SA3,"B3 S.A. - Brasil, Bolsa, Balcão",B3          ON      NM,Financial Services,Financial Data & Stock Exchanges,-66.0763,0.017,0.8856,5,True,23.8672,13.7828,51.0258,-42.6878,42233721.0,196.5565,Mais sensível,66.0763,significativo
2020,RENT3.SA,RENT3,Localiza Rent a Car S.A.,LOCALIZA    ON      NM,Industrials,Rental & Leasing Services,-62.6382,0.1036,0.641,5,False,9.8923,9.7776,59.9113,-57.9113,7563018.0,227.2076,Mais sensível,62.6382,nao_significativo
2020,MRVE3.SA,MRVE3,MRV Engenharia e Participações S.A.,MRV         ON      NM,Real Estate,Real Estate - Development,-60.5821,0.0254,0.8516,5,True,15.5709,8.4419,58.8735,-53.8807,5272623.0,62.9352,Mais sensível,60.5821,significativo
2020,ALOS3.SA,ALOS3,Allos S.A.,ALLOS       ON      NM,Real Estate,Real Estate Services,-60.2183,0.0851,0.6817,5,False,1.5995,0.4067,61.6243,-61.2386,1821577.0,20.728,Mais sensível,60.2183,nao_significativo
2020,BRKM5.SA,BRKM5,Braskem S.A.,BRASKEM     PNA     N1,Basic Materials,Chemicals,-58.8177,0.5418,0.1357,5,False,-2.4125,16.3289,71.6491,-74.1795,4008208.0,-39.7711,Mais sensível,58.8177,nao_significativo
2020,CEAB3.SA,CEAB3,C&A Modas S.A.,CEA MODAS   ON      NM,Consumer Cyclical,Specialty Retail,-56.6237,0.4169,0.2272,5,False,13.3036,19.6426,74.0408,-70.7182,2547444.0,-27.3626,Mais sensível,56.6237,nao_significativo
2020,UGPA3.SA,UGPA3,Ultrapar Participações S.A.,ULTRAPAR    ON      NM,Energy,Oil & Gas Refining & Marketing,-55.7107,0.2759,0.3706,5,False,11.8106,7.2813,59.2788,-61.0727,18138869.0,-34.3254,Mais sensível,55.7107,nao_significativo
2020,CSAN3.SA,CSAN3,Cosan S.A.,COSAN       ON  ATZ NM,Energy,Oil & Gas Refining & Marketing,-53.1916,0.0019,0.9732,5,True,5.9406,2.2919,48.9612,-45.3682,8023723.0,91.0752,Mais sensível,53.1916,significativo
2020,PSSA3.SA,PSSA3,Porto Seguro S.A.,PORTO SEGUROON      NM,Financial Services,Insurance - Diversified,-53.0955,0.1112,0.6254,5,False,0.6427,1.2213,34.8091,-38.5453,2074288.0,60.6317,Mais sensível,53.0955,nao_significativo
2020,BBAS3.SA,BBAS3,Banco do Brasil S.A.,BRASIL      ON  EJ  NM,Financial Services,Banks - Regional,-47.4341,0.1951,0.4794,5,False,4.4785,8.3091,51.5969,-58.287,37271064.0,35.9513,Mais sensível,47.4341,nao_significativo
2020,PETR3.SA,PETR3,Petróleo Brasileiro S.A. - Petrobras,PETROBRAS   ON  EJ  N2,Energy,Oil & Gas Integrated,-46.465,0.3635,0.2758,5,False,6.149,7.2508,57.4013,-66.5456,22613626.0,72.6894,Mais sensível,46.465,nao_significativo
2020,PETR4.SA,PETR4,Petróleo Brasileiro S.A. - Petrobras,PETROBRAS   PN  EX  N2,Energy,Oil & Gas Integrated,-46.0189,0.3347,0.3047,5,False,5.9152,7.8811,54.2151,-63.3561,75349714.0,84.5737,Mais sensível,46.0189,nao_significativo
2020,BBDC3.SA,BBDC3,Banco Bradesco S.A.,BRADESCO    ON  EJ  N1,Financial Services,Banks - Regional,-45.6609,0.2276,0.4326,5,False,4.0952,6.1981,49.3787,-55.598,6988939.0,22.3387,Mais sensível,45.6609,nao_significativo
2020,CMIG4.SA,CMIG4,Companhia Energética de Minas Gerais - CEMIG,CEMIG       PN      N1,Utilities,Utilities - Regulated Electric,-44.962,0.2156,0.4494,5,False,-0.4393,6.4573,48.3825,-50.407,22290444.0,153.8299,Mais sensível,44.962,nao_significativo
2020,TOTS3.SA,TOTS3,TOTVS S.A.,TOTVS       ON      NM,Technology,Software - Application,-43.7815,0.2998,0.3426,5,False,12.2162,8.6522,52.1559,-49.7133,6552415.0,193.885,Mais sensível,43.7815,nao_significativo
2020,MOTV3.SA,MOTV3,Motiva Infraestrutura de Mobilidade S.A.,MOTIVA SA   ON      NM,Industrials,Infrastructure Operations,-43.2718,0.32,0.3203,5,False,-0.4838,6.8969,54.9636,-50.5976,9404261.0,-6.2034,Mais sensível,43.2718,nao_significativo
2020,USIM5.SA,USIM5,Usinas Siderúrgicas de Minas Gerais S.A.,USIMINAS    PNA     N1,Basic Materials,Steel,-40.6357,0.4661,0.1877,5,False,7.3066,13.6111,65.4129,-65.7966,21351521.0,56.9021,Mais sensível,40.6357,nao_significativo
2020,VBBR3.SA,VBBR3,Vibra Energia S.A.,VIBRA       ON      NM,Consumer Cyclical,Specialty Retail,-40.5772,0.2471,0.4066,5,False,6.8857,7.8465,51.0846,-55.8057,8672813.0,18.9324,Mais sensível,40.5772,nao_significativo
2020,WEGE3.SA,WEGE3,WEG S.A.,WEG         ON      NM,Industrials,Electrical Equipment & Parts,-40.0493,0.0858,0.68,5,False,15.9258,12.4674,50.0956,-46.6677,12344485.0,310.1011,Mais sensível,40.0493,nao_significativo
2020,MULT3.SA,MULT3,Multiplan Empreendimentos Imobiliários S.A.,MULTIPLAN   ON      N2,Real Estate,Real Estate Services,-39.7016,0.1248,0.5986,5,False,3.359,4.4445,58.0419,-51.5766,6241834.0,3.4306,Mais sensível,39.7016,nao_significativo
2020,BBDC4.SA,BBDC4,Banco Bradesco S.A.,BRADESCO    PN  EJ  N1,Financial Services,Banks - Regional,-39.1479,0.2507,0.4019,5,False,0.6855,5.4233,49.3619,-52.7428,52546233.0,27.1626,Mais sensível,39.1479,nao_significativo
2020,BRAP4.SA,BRAP4,Bradespar S.A.,BRADESPAR   PN      N1,Financial Services,Asset Management,-36.7417,0.2125,0.4538,5,False,12.0224,7.0278,44.1637,-42.5572,5879276.0,181.2651,Mais sensível,36.7417,nao_significativo
2020,VALE3.SA,VALE3,Vale S.A.,VALE        ON      NM,Basic Materials,Other Industrial Metals & Mining,-36.741,0.2603,0.3898,5,False,10.6398,6.6313,44.8267,-40.5509,30246277.0,133.2415,Mais sensível,36.741,nao_significativo
2020,GOAU4.SA,GOAU4,Metalurgica Gerdau S.A.,GERDAU MET  PN      N1,Basic Materials,Steel,-36.4869,0.4074,0.2354,5,False,11.9753,10.2939,58.5113,-64.519,20145072.0,98.8887,Mais sensível,36.4869,nao_significativo
2020,VIVA3.SA,VIVA3,Vivara Participações S.A.,VIVARA S.A. ON      NM,Consumer Cyclical,Luxury Goods,-35.348,0.3367,0.3026,5,False,5.0973,4.7202,66.3185,-67.2272,1724375.0,25.3444,Mais sensível,35.348,nao_significativo
2020,CSMG3.SA,CSMG3,Companhia de Saneamento de Minas Gerais,COPASA      ON      NM,Utilities,Utilities - Regulated Water,-35.1244,0.3762,0.2636,5,False,-4.1562,2.0229,44.2775,-52.7735,2781900.0,50.0143,Mais sensível,35.1244,nao_significativo
2020,MGLU3.SA,MGLU3,Magazine Luiza S.A.,MAGAZ LUIZA ON      NM,Consumer Cyclical,Specialty Retail,-34.6547,0.5221,0.1483,5,False,7.04,10.9197,56.8335,-51.045,5797471.0,920.1276,Mais sensível,34.6547,nao_significativo
2020,ABEV3.SA,ABEV3,Ambev S.A.,AMBEV S/A   ON,Consumer Defensive,Beverages - Brewers,-33.7971,0.0829,0.6867,5,False,-3.7344,0.0963,42.1263,-42.582,30430433.0,-21.5119,Mais sensível,33.7971,nao_significativo
2020,LREN3.SA,LREN3,Lojas Renner S.A.,LOJAS RENNERON      NM,Consumer Cyclical,Department Stores,-33.5098,0.4038,0.2386,5,False,7.1263,7.9006,53.2191,-50.6158,10347832.0,40.1955,Mais sensível,33.5098,nao_significativo
2020,EQTL3.SA,EQTL3,Equatorial S.A.,EQUATORIAL  ON      NM,Utilities,Utilities - Regulated Electric,-33.4293,0.0115,0.9115,5,True,10.0174,6.8485,39.0739,-40.9666,8404707.0,83.6889,Mais sensível,33.4293,significativo
2020,RAIL3.SA,RAIL3,Rumo S.A.,RUMO S.A.   ON      NM,Industrials,Railroads,-33.3855,0.2014,0.4699,5,False,-1.5107,0.2436,48.7076,-45.8712,10677417.0,48.1139,Mais sensível,33.3855,nao_significativo
2020,SANB11.SA,SANB11,Banco Santander (Brasil) S.A.,SANTANDER BRUNT,Financial Services,Banks - Regional,-33.339,0.321,0.3192,5,False,3.5156,3.9092,49.8863,-52.5147,2867153.0,63.9473,Mais sensível,33.339,nao_significativo
2020,HAPV3.SA,HAPV3,Hapvida Participações e Investimentos S.A.,HAPVIDA     ON      NM,Financial Services,Insurance - Life,-31.1438,0.4722,0.1832,5,False,1.5921,8.355,48.7627,-54.0891,813393.0,179.4896,Mais sensível,31.1438,nao_significativo
2020,EMBJ3.SA,EMBJ3,Embraer S.A.,EMBRAER     ON      NM,Industrials,Aerospace & Defense,-30.1872,0.3321,0.3074,5,False,-1.2,2.9231,65.8703,-70.5854,13254629.0,-56.6192,Mais sensível,30.1872,nao_significativo
2020,ENEV3.SA,ENEV3,Eneva S.A.,ENEVA       ON      NM,Utilities,Utilities - Diversified,-29.9137,0.1803,0.5022,5,False,9.9155,10.6272,41.5498,-43.8626,7589911.0,340.4255,Mais sensível,29.9137,nao_significativo
2020,BBSE3.SA,BBSE3,BB Seguridade Participações S.A.,BBSEGURIDADEON      NM,Financial Services,Insurance - Diversified,-29.7447,0.2851,0.3596,5,False,-2.4807,2.469,35.7336,-36.5963,4896240.0,36.9364,Mais sensível,29.7447,nao_significativo
2020,ITUB4.SA,ITUB4,Itaú Unibanco Holding S.A.,ITAUUNIBANCOPN  EJ  N1,Financial Services,Banks - Regional,-29.5799,0.2648,0.3842,5,False,-1.7631,2.8278,43.5539,-44.3447,44098989.0,29.9324,Mais sensível,29.5799,nao_significativo
2020,GGBR4.SA,GGBR4,Gerdau S.A.,GERDAU      PN      N1,Basic Materials,Steel,-29.2465,0.5321,0.1418,5,False,13.1176,9.6488,57.4802,-61.1345,20277535.0,99.7504,Mais sensível,29.2465,nao_significativo
2020,CSNA3.SA,CSNA3,Companhia Siderúrgica Nacional,SID NACIONALON,Basic Materials,Steel,-28.1259,0.4388,0.209,5,False,15.5985,11.4445,68.4978,-63.0102,14174804.0,293.53,Mais sensível,28.1259,nao_significativo
2020,AZZA3.SA,AZZA3,Azzas 2154 S.A.,AZZAS 2154  ON  ATZ NM,Consumer Cyclical,Footwear & Accessories,-27.9641,0.2298,0.4296,5,False,10.5516,9.7858,52.7255,-49.9773,656688.0,28.9327,Mais sensível,27.9641,nao_significativo
2020,ITSA4.SA,ITSA4,Itaúsa S.A.,ITAUSA      PN  EJ  N1,Industrials,Conglomerates,-27.4177,0.2336,0.4245,5,False,-1.3448,3.3859,39.498,-45.6188,40673470.0,45.7779,Mais sensível,27.4177,nao_significativo
2020,TIMS3.SA,TIMS3,TIM S.A.,TIM         ON      NM,Communication Services,Telecom Services,-26.7762,0.0789,0.6961,5,False,-2.1008,1.5118,42.0561,-32.3579,8178870.0,22.1117,Mais sensível,26.7762,nao_significativo
2020,HYPE3.SA,HYPE3,Hypera S.A.,HYPERA      ON      NM,Healthcare,Drug Manufacturers - Specialty & Generic,-25.4158,0.3156,0.325,5,False,2.5628,5.2317,46.2578,-35.8545,3932314.0,5.5027,Mais sensível,25.4158,nao_significativo
2020,ENGI11.SA,ENGI11,Energisa S.A.,ENERGISA    UNT     N2,Utilities,Utilities - Regulated Electric,-24.8443,0.3151,0.3255,5,False,-2.2605,2.756,41.8541,-40.6751,1560047.0,104.2533,Mais sensível,24.8443,nao_significativo
2020,EGIE3.SA,EGIE3,Engie Brasil Energia S.A.,ENGIE BRASILON      NM,Utilities,Utilities - Renewable,-22.6741,0.0697,0.7185,5,False,-0.2491,0.765,32.0783,-32.1257,2612207.0,95.4444,Mais sensível,22.6741,nao_significativo
2020,FLRY3.SA,FLRY3,Fleury S.A.,FLEURY      ON      NM,Healthcare,Diagnostics & Research,-21.8933,0.455,0.1963,5,False,9.4086,11.469,41.5085,-44.747,2633116.0,1.3211,Mais sensível,21.8933,nao_significativo
2020,CPLE3.SA,CPLE3,Companhia Paranaense de Energia - COPEL,COPEL       ON      NM,Utilities,Utilities - Regulated Electric,-19.0772,0.3436,0.2956,5,False,1.0027,4.3287,43.4271,-45.1127,3227964.0,282.5613,Mais sensível,19.0772,nao_significativo
2020,CPFE3.SA,CPFE3,CPFL Energia S.A.,CPFL ENERGIAON      NM,Utilities,Utilities - Regulated Electric,-12.5059,0.611,0.0965,5,False,-2.1164,2.7446,37.5739,-40.051,3164106.0,82.1355,Mais sensível,12.5059,nao_significativo
2020,ISAE4.SA,ISAE4,ISA Energía Brasil S.A.,ISA ENERGIA PN      N1,Utilities,Utilities - Independent Power Producers,-11.5534,0.237,0.42,5,False,4.0231,3.3268,25.2959,-25.9149,1922814.0,127.5181,Mais sensível,11.5534,nao_significativo
2020,POMO4.SA,POMO4,Marcopolo S.A.,MARCOPOLO   PN      N2,Industrials,Farm & Heavy Construction Machinery,-9.7307,0.7083,0.0534,5,False,6.0071,8.2784,57.9957,-60.7956,12752997.0,-21.2834,Mais sensível,9.7307,nao_significativo
2020,TAEE11.SA,TAEE11,Transmissora Aliança de Energia Elétrica S.A.,TAESA       UNT     N2,Utilities,Utilities - Regulated Electric,-9.0834,0.4623,0.1906,5,False,1.4204,1.6063,21.3752,-23.694,2407862.0,111.4836,Intermediário,9.0834,nao_significativo
2020,BEEF3.SA,BEEF3,Minerva S.A.,MINERVA     ON      NM,Consumer Defensive,Packaged Foods,-8.3196,0.7855,0.0286,5,False,-2.8985,2.3267,53.5107,-56.636,8526011.0,-2.798,Intermediário,8.3196,nao_significativo
2020,RADL3.SA,RADL3,Raia Drogasil S.A.,RAIADROGASILON      NM,Healthcare,Pharmaceutical Retailers,-8.1315,0.5405,0.1365,5,False,-1.3113,-1.2048,39.0792,-26.1218,8294618.0,41.6085,Intermediário,8.1315,nao_significativo
2020,VIVT3.SA,VIVT3,Telefônica Brasil S.A.,TELEF BRASILON  EJ,Communication Services,Telecom Services,-6.3061,0.2332,0.425,5,False,-1.1593,-1.4108,37.1989,-23.261,744126.0,46.304,Intermediário,6.3061,nao_significativo
2020,SLCE3.SA,SLCE3,SLC Agrícola S.A.,SLC AGRICOLAON      NM,Consumer Defensive,Farm Products,9.5903,0.6519,0.0767,5,False,1.9052,2.7403,40.5406,-29.2035,3367903.0,123.9387,Menos sensível,9.5903,nao_significativo
2020,MBRF3.SA,MBRF3,MBRF Global Foods Company S.A.,MARFRIG     ON      NM,Consumer Defensive,Packaged Foods,15.7879,0.6593,0.0734,5,False,10.6818,12.0949,57.192,-53.9671,13881841.0,98.7671,Menos sensível,15.7879,nao_significativo
2020,KLBN11.SA,KLBN11,Klabin S.A.,KLABIN S/A  UNT     N2,Basic Materials,Paper & Paper Products,21.0311,0.453,0.1978,5,False,3.4109,4.813,41.0513,-42.01,6516567.0,62.6537,Menos sensível,21.0311,nao_significativo
2020,SUZB3.SA,SUZB3,Suzano S.A.,SUZANO S.A. ON      NM,Basic Materials,Paper & Paper Products,27.5215,0.521,0.149,5,False,2.945,4.3837,49.7516,-45.2158,8327028.0,216.4833,Menos sensível,27.5215,nao_significativo
2021,UGPA3.SA,UGPA3,Ultrapar Participações S.A.,ULTRAPAR    ON      NM,Energy,Oil & Gas Refining & Marketing,-56.8088,0.3368,0.184,7,False,3.9331,11.884,61.9938,-36.2317,10912589.0,-9.4859,Mais sensível,56.8088,nao_significativo
2021,BRKM5.SA,BRKM5,Braskem S.A.,BRASKEM     PNA     N1,Basic Materials,Chemicals,-32.5256,0.0658,0.5241,7,False,11.7832,8.8179,48.5612,-34.1456,3563860.0,66.4045,Mais sensível,32.5256,nao_significativo
2021,VAMO3.SA,VAMO3,"Vamos Locação de Caminhões, Máquinas e Equipamentos S.A.",VAMOS       ON      NM,Industrials,Rental & Leasing Services,-32.3246,0.1349,0.3884,7,False,-0.4413,-1.2269,44.0856,-41.6384,2937707.0,49.3096,Mais sensível,32.3246,nao_significativo
2021,ASAI3.SA,ASAI3,Sendas Distribuidora S.A.,ASSAI       ON      NM,Consumer Defensive,Grocery Stores,-28.763,0.0301,0.6429,7,True,-1.124,-4.6534,28.0143,-35.9644,10106080.0,-8.6596,Mais sensível,28.763,significativo
2021,COGN3.SA,COGN3,Cogna Educação S.A.,COGNA ON    ON      NM,Consumer Defensive,Education & Training Services,-26.3931,0.1561,0.3576,7,False,-9.4092,-7.0371,48.8652,-51.2448,47324133.0,-85.9478,Mais sensível,26.3931,nao_significativo
2021,YDUQ3.SA,YDUQ3,Yduqs Participações S.A.,YDUQS PART  ON      NM,Consumer Defensive,Education & Training Services,-25.7668,0.1618,0.3499,7,False,-7.1947,-1.5257,45.07,-43.4648,2948396.0,-31.4392,Mais sensível,25.7668,nao_significativo
2021,BPAC11.SA,BPAC11,Banco BTG Pactual S.A.,BTGP BANCO  UNT     N2,Financial Services,Capital Markets,-25.1881,0.0405,0.6014,7,True,-8.0795,-3.7459,38.793,-37.9159,12659790.0,409.1816,Mais sensível,25.1881,significativo
2021,RDOR3.SA,RDOR3,Rede D'Or São Luiz S.A.,REDE D OR   ON      NM,Healthcare,Medical Care Facilities,-24.7695,0.0164,0.7157,7,True,-3.5371,-5.2439,33.0666,-43.0691,2852401.0,-31.1409,Mais sensível,24.7695,significativo
2021,MGLU3.SA,MGLU3,Magazine Luiza S.A.,MAGAZ LUIZA ON      NM,Consumer Cyclical,Specialty Retail,-24.5064,0.1529,0.362,7,False,-2.3548,-5.7512,50.4884,-78.1091,5092205.0,195.4173,Mais sensível,24.5064,nao_significativo
2021,TOTS3.SA,TOTS3,TOTVS S.A.,TOTVS       ON      NM,Technology,Software - Application,-23.7968,0.086,0.4766,7,False,2.678,-3.1873,38.054,-30.8191,4352367.0,196.7211,Mais sensível,23.7968,nao_significativo
2021,WEGE3.SA,WEGE3,WEG S.A.,WEG         ON      NM,Industrials,Electrical Equipment & Parts,-22.7847,0.0058,0.8095,7,True,-2.4979,-4.0343,33.9114,-31.8399,9263376.0,261.249,Mais sensível,22.7847,significativo
2021,AZZA3.SA,AZZA3,Azzas 2154 S.A.,AZZAS 2154  ON  ATZ NM,Consumer Cyclical,Footwear & Accessories,-21.3863,0.056,0.5512,7,False,-6.4412,-2.9137,33.8154,-33.3796,723640.0,46.8847,Mais sensível,21.3863,nao_significativo
2021,AXIA3.SA,AXIA3,AXIA Energia SA,AXIA ENERGIAON      NM,Utilities,Utilities - Renewable,-20.95,0.1688,0.3408,7,False,-4.3704,-2.0095,40.8011,-32.5836,6330271.0,104.8847,Mais sensível,20.95,nao_significativo
2021,CEAB3.SA,CEAB3,C&A Modas S.A.,CEA MODAS   ON      NM,Consumer Cyclical,Specialty Retail,-19.3689,0.5062,0.0929,7,False,-14.2762,-4.9961,47.1636,-61.1365,2403388.0,-65.3437,Mais sensível,19.3689,nao_significativo
2021,LREN3.SA,LREN3,Lojas Renner S.A.,LOJAS RENNERON      NM,Consumer Cyclical,Department Stores,-19.2892,0.1871,0.3183,7,False,-2.9497,-3.2671,36.2787,-45.5132,11402022.0,-11.5449,Mais sensível,19.2892,nao_significativo
2021,VIVA3.SA,VIVA3,Vivara Participações S.A.,VIVARA S.A. ON      NM,Consumer Cyclical,Luxury Goods,-19.2435,0.2641,0.2403,7,False,-1.0023,-0.2704,36.6862,-31.1343,1105901.0,9.6898,Mais sensível,19.2435,nao_significativo
2021,ENEV3.SA,ENEV3,Eneva S.A.,ENEVA       ON      NM,Utilities,Utilities - Diversified,-18.702,0.2261,0.2758,7,False,-2.1229,-4.0454,35.6318,-26.1249,6316555.0,301.4184,Mais sensível,18.702,nao_significativo
2021,PRIO3.SA,PRIO3,Prio S.A.,PRIO        ON      NM,Energy,Oil & Gas E&P,-18.2491,0.1747,0.3333,7,False,3.8924,2.3317,53.1845,-32.1137,22337643.0,1109.4792,Mais sensível,18.2491,nao_significativo
2021,VBBR3.SA,VBBR3,Vibra Energia S.A.,VIBRA       ON      NM,Consumer Cyclical,Specialty Retail,-16.9055,0.2644,0.24,7,False,2.2379,-1.7689,34.3762,-27.8476,11583342.0,25.6548,Mais sensível,16.9055,nao_significativo
2021,MBRF3.SA,MBRF3,MBRF Global Foods Company S.A.,MARFRIG     ON      NM,Consumer Defensive,Packaged Foods,-15.6352,0.2942,0.2154,7,False,1.5688,4.9541,34.4588,-24.7292,8652272.0,243.9508,Mais sensível,15.6352,nao_significativo
2021,FLRY3.SA,FLRY3,Fleury S.A.,FLEURY      ON      NM,Healthcare,Diagnostics & Research,-13.7922,0.2329,0.2691,7,False,-4.3016,-3.1197,27.9189,-39.5092,1980672.0,-29.823,Mais sensível,13.7922,nao_significativo
2021,CSNA3.SA,CSNA3,Companhia Siderúrgica Nacional,SID NACIONALON,Basic Materials,Steel,-13.7718,0.5784,0.0659,7,False,-2.1949,-0.4289,49.75,-60.6678,13495349.0,221.6475,Mais sensível,13.7718,nao_significativo
2021,EQTL3.SA,EQTL3,Equatorial S.A.,EQUATORIAL  ON      NM,Utilities,Utilities - Regulated Electric,-12.1731,0.2563,0.2471,7,False,-0.4808,-0.5064,28.2734,-15.6621,7461613.0,84.5987,Mais sensível,12.1731,nao_significativo
2021,RADL3.SA,RADL3,Raia Drogasil S.A.,RAIADROGASILON      NM,Healthcare,Pharmaceutical Retailers,-10.3802,0.3033,0.2083,7,False,-2.0882,-3.0459,30.6071,-24.504,6243554.0,38.7269,Mais sensível,10.3802,nao_significativo
2021,ABEV3.SA,ABEV3,Ambev S.A.,AMBEV S/A   ON,Consumer Defensive,Beverages - Brewers,-10.2105,0.4075,0.1405,7,False,-3.1579,-0.2609,29.2669,-23.4694,24324766.0,-19.2643,Mais sensível,10.2105,nao_significativo
2021,CURY3.SA,CURY3,Cury Construtora e Incorporadora S.A.,CURY S/A    ON      NM,Real Estate,Real Estate - Development,-9.721,0.4826,0.1031,7,False,-3.9767,-5.7483,37.5122,-40.7269,910090.0,-21.0259,Mais sensível,9.721,nao_significativo
2021,CSMG3.SA,CSMG3,Companhia de Saneamento de Minas Gerais,COPASA      ON      NM,Utilities,Utilities - Regulated Water,-9.4038,0.366,0.1649,7,False,-5.0698,-3.5803,29.6826,-27.6927,2165332.0,23.9826,Intermediário,9.4038,nao_significativo
2021,DIRR3.SA,DIRR3,Direcional Engenharia S.A.,DIRECIONAL  ON      NM,Real Estate,Real Estate - Development,-9.1031,0.6055,0.0572,7,False,-7.0707,-3.8191,45.3006,-36.4847,4906163.0,188.0266,Intermediário,9.1031,nao_significativo
2021,MULT3.SA,MULT3,Multiplan Empreendimentos Imobiliários S.A.,MULTIPLAN   ON      N2,Real Estate,Real Estate Services,-8.9822,0.5372,0.0806,7,False,-6.1723,-4.2164,37.0012,-37.6352,7063838.0,-15.5151,Intermediário,8.9822,nao_significativo
2021,CYRE3.SA,CYRE3,Cyrela Brazil Realty S.A. Empreendimentos e Participações,CYRELA REALTON      NM,Consumer Cyclical,Residential Construction,-8.8542,0.5511,0.0755,7,False,-5.6682,-4.7849,44.5979,-53.8053,6972036.0,52.509,Intermediário,8.8542,nao_significativo
2021,GOAU4.SA,GOAU4,Metalurgica Gerdau S.A.,GERDAU MET  PN      N1,Basic Materials,Steel,-8.1379,0.5213,0.0868,7,False,-1.5662,-1.4106,34.8549,-30.3657,15291897.0,146.0012,Intermediário,8.1379,nao_significativo
2021,HYPE3.SA,HYPE3,Hypera S.A.,HYPERA      ON      NM,Healthcare,Drug Manufacturers - Specialty & Generic,-7.7472,0.4253,0.1309,7,False,-3.2231,-2.5012,29.8522,-26.8779,3107553.0,-9.5246,Intermediário,7.7472,nao_significativo
2021,CMIG4.SA,CMIG4,Companhia Energética de Minas Gerais - CEMIG,CEMIG       PN      N1,Utilities,Utilities - Regulated Electric,-7.0373,0.633,0.0491,7,False,3.2,2.0112,28.9398,-25.5082,16523159.0,183.531,Intermediário,7.0373,nao_significativo
2021,HAPV3.SA,HAPV3,Hapvida Participações e Investimentos S.A.,HAPVIDA     ON      NM,Financial Services,Insurance - Life,-7.0194,0.5811,0.065,7,False,0.3927,-3.5914,38.0095,-44.4121,908612.0,90.9564,Intermediário,7.0194,nao_significativo
2021,CSAN3.SA,CSAN3,Cosan S.A.,COSAN       ON  ATZ NM,Energy,Oil & Gas Refining & Marketing,-6.5923,0.6172,0.0537,7,False,-3.2086,-1.0614,33.1987,-27.2426,9686766.0,125.2659,Intermediário,6.5923,nao_significativo
2021,PSSA3.SA,PSSA3,Porto Seguro S.A.,PORTO SEGUROON      NM,Financial Services,Insurance - Diversified,-6.395,0.3528,0.1733,7,False,-0.7488,-2.8662,27.5152,-28.7745,2441730.0,45.7776,Intermediário,6.395,nao_significativo
2021,TAEE11.SA,TAEE11,Transmissora Aliança de Energia Elétrica S.A.,TAESA       UNT     N2,Utilities,Utilities - Regulated Electric,-6.0696,0.4535,0.1166,7,False,0.4365,1.2961,21.0066,-13.1236,1998609.0,157.5411,Intermediário,6.0696,nao_significativo
2021,USIM5.SA,USIM5,Usinas Siderúrgicas de Minas Gerais S.A.,USIMINAS    PNA     N1,Basic Materials,Steel,-6.0363,0.7647,0.0196,7,False,-2.566,-3.7321,48.2184,-45.6409,21891257.0,76.3158,Intermediário,6.0363,nao_significativo
2021,RENT3.SA,RENT3,Localiza Rent a Car S.A.,LOCALIZA    ON      NM,Industrials,Rental & Leasing Services,-5.9575,0.7171,0.0286,7,False,5.4422,0.458,39.1078,-38.3985,6229849.0,153.4345,Intermediário,5.9575,nao_significativo
2021,ITSA4.SA,ITSA4,Itaúsa S.A.,ITAUSA      PN  EJ  N1,Industrials,Conglomerates,-5.6039,0.5591,0.0726,7,False,-1.7709,0.0667,26.2416,-20.577,40648492.0,21.1099,Intermediário,5.6039,nao_significativo
2021,GGBR4.SA,GGBR4,Gerdau S.A.,GERDAU      PN      N1,Basic Materials,Steel,-5.5242,0.6442,0.046,7,False,1.3067,-1.3802,37.7146,-33.9307,18586514.0,150.3355,Intermediário,5.5242,nao_significativo
2021,ALOS3.SA,ALOS3,Allos S.A.,ALLOS       ON      NM,Real Estate,Real Estate Services,-5.4835,0.7423,0.0236,7,False,-9.9217,-4.265,38.0729,-40.1933,1455344.0,-9.5947,Intermediário,5.4835,nao_significativo
2021,MOTV3.SA,MOTV3,Motiva Infraestrutura de Mobilidade S.A.,MOTIVA SA   ON      NM,Industrials,Infrastructure Operations,-5.2688,0.3865,0.1525,7,False,-1.9361,-2.2934,34.3352,-21.0937,12095594.0,-18.2227,Intermediário,5.2688,nao_significativo
2021,ISAE4.SA,ISAE4,ISA Energía Brasil S.A.,ISA ENERGIA PN      N1,Utilities,Utilities - Independent Power Producers,-5.2642,0.4319,0.1274,7,False,-0.4784,0.5707,21.4624,-14.4727,1497400.0,129.586,Intermediário,5.2642,nao_significativo
2021,BBAS3.SA,BBAS3,Banco do Brasil S.A.,BRASIL      ON  EJ  NM,Financial Services,Banks - Regional,-4.7746,0.7658,0.0194,7,False,-3.0293,-0.1793,30.5501,-28.9076,31911556.0,8.9066,Intermediário,4.7746,nao_significativo
2021,PETR4.SA,PETR4,Petróleo Brasileiro S.A. - Petrobras,PETROBRAS   PN  EX  N2,Energy,Oil & Gas Integrated,-4.2194,0.6945,0.0335,7,False,-1.1567,1.3092,40.6916,-32.198,79133022.0,127.9673,Intermediário,4.2194,nao_significativo
2021,PETR3.SA,PETR3,Petróleo Brasileiro S.A. - Petrobras,PETROBRAS   ON  EJ  N2,Energy,Oil & Gas Integrated,-4.0672,0.7358,0.0248,7,False,-0.426,2.6842,40.5788,-33.7441,21621201.0,125.1495,Intermediário,4.0672,nao_significativo
2021,SBSP3.SA,SBSP3,Companhia de Saneamento Básico do Estado de São Paulo - SABESP,SABESP      ON      NM,Utilities,Utilities - Regulated Water,-3.4205,0.4525,0.1171,7,False,-2.9829,-3.7363,32.8199,-26.6681,17039630.0,27.896,Intermediário,3.4205,nao_significativo
2021,CPFE3.SA,CPFE3,CPFL Energia S.A.,CPFL ENERGIAON      NM,Utilities,Utilities - Regulated Electric,-3.4065,0.7745,0.018,7,False,-2.1285,-0.4304,26.8423,-23.8725,2644287.0,71.2473,Intermediário,3.4065,nao_significativo
2021,B3SA3.SA,B3SA3,"B3 S.A. - Brasil, Bolsa, Balcão",B3          ON      NM,Financial Services,Financial Data & Stock Exchanges,-2.8896,0.6575,0.0425,7,False,-3.3276,-4.8827,36.1232,-46.1879,42962121.0,68.9223,Intermediário,2.8896,nao_significativo
2021,EGIE3.SA,EGIE3,Engie Brasil Energia S.A.,ENGIE BRASILON      NM,Utilities,Utilities - Renewable,-2.5531,0.6556,0.043,7,False,-0.7102,-0.0033,19.6169,-17.6396,2106025.0,78.9555,Intermediário,2.5531,nao_significativo
2021,BRAP4.SA,BRAP4,Bradespar S.A.,BRADESPAR   PN      N1,Financial Services,Asset Management,-2.5427,0.9073,0.003,7,False,0.3288,6.6598,35.7299,-36.2803,6313304.0,249.6209,Intermediário,2.5427,nao_significativo
2021,MRVE3.SA,MRVE3,MRV Engenharia e Participações S.A.,MRV         ON      NM,Real Estate,Real Estate - Development,-2.4145,0.8817,0.0049,7,False,-3.4332,-3.029,37.9165,-49.6816,4638573.0,7.321,Intermediário,2.4145,nao_significativo
2021,VALE3.SA,VALE3,Vale S.A.,VALE        ON      NM,Basic Materials,Other Industrial Metals & Mining,-2.4129,0.8461,0.0083,7,False,-2.0723,1.8798,34.3349,-41.343,27345452.0,144.6068,Intermediário,2.4129,nao_significativo
2021,BBSE3.SA,BBSE3,BB Seguridade Participações S.A.,BBSEGURIDADEON      NM,Financial Services,Insurance - Diversified,-2.2522,0.8196,0.0114,7,False,-3.1429,-2.4766,23.6663,-36.0533,6038552.0,-0.0834,Intermediário,2.2522,nao_significativo
2021,SANB11.SA,SANB11,Banco Santander (Brasil) S.A.,SANTANDER BRUNT,Financial Services,Banks - Regional,-1.6762,0.8896,0.0042,7,False,-2.137,-0.0883,31.8448,-27.9071,2483322.0,22.9739,Intermediário,1.6762,nao_significativo
2021,CPLE3.SA,CPLE3,Companhia Paranaense de Energia - COPEL,COPEL       ON      NM,Utilities,Utilities - Regulated Electric,-1.3044,0.8561,0.0072,7,False,-0.8787,-1.3526,29.73,-23.2505,2055156.0,270.4312,Intermediário,1.3044,nao_significativo
2021,RAIL3.SA,RAIL3,Rumo S.A.,RUMO S.A.   ON      NM,Industrials,Railroads,-1.2379,0.9006,0.0034,7,False,-0.2343,-1.7862,32.3956,-26.3134,10854489.0,36.7205,Intermediário,1.2379,nao_significativo
2021,BBDC3.SA,BBDC3,Banco Bradesco S.A.,BRADESCO    ON  EJ  N1,Financial Services,Banks - Regional,-0.911,0.929,0.0018,7,False,-1.2105,0.2673,30.2782,-30.8877,7919603.0,-5.662,Intermediário,0.911,nao_significativo
2021,ITUB4.SA,ITUB4,Itaú Unibanco Holding S.A.,ITAUUNIBANCOPN  EJ  N1,Financial Services,Banks - Regional,-0.7666,0.9585,0.0006,7,False,-0.8941,-1.7353,33.2753,-35.8692,42366440.0,-10.8728,Intermediário,0.7666,nao_significativo
2021,BEEF3.SA,BEEF3,Minerva S.A.,MINERVA     ON      NM,Consumer Defensive,Packaged Foods,0.1187,0.9938,0.0,7,False,-2.5934,0.6211,37.9316,-30.4464,8863650.0,11.3923,Menos sensível,0.1187,nao_significativo
2021,EMBJ3.SA,EMBJ3,Embraer S.A.,EMBRAER     ON      NM,Industrials,Aerospace & Defense,0.1246,0.9933,0.0,7,False,1.6345,1.8974,55.5929,-29.7505,12497027.0,21.6624,Menos sensível,0.1246,nao_significativo
2021,BBDC4.SA,BBDC4,Banco Bradesco S.A.,BRADESCO    PN  EJ  N1,Financial Services,Banks - Regional,0.2659,0.9813,0.0001,7,False,1.0276,0.7909,31.5684,-31.3139,47953441.0,3.4401,Menos sensível,0.2659,nao_significativo
2021,CXSE3.SA,CXSE3,Caixa Seguridade Participações S.A.,CAIXA SEGURION      NM,Financial Services,Insurance - Diversified,0.5557,0.9679,0.0005,6,False,-2.8058,-3.2598,41.064,-42.0582,4103093.0,-14.1661,Menos sensível,0.5557,nao_significativo
2021,BRAV3.SA,BRAV3,Brava Energia S.A.,BRAVA       ON      NM,Energy,Oil & Gas E&P,1.6972,0.8807,0.005,7,False,-4.4772,-2.9382,49.5279,-43.3307,1757481.0,61.5031,Menos sensível,1.6972,nao_significativo
2021,KLBN11.SA,KLBN11,Klabin S.A.,KLABIN S/A  UNT     N2,Basic Materials,Paper & Paper Products,2.1728,0.7442,0.0232,7,False,1.8519,0.5885,28.2638,-28.4251,6963371.0,60.1234,Menos sensível,2.1728,nao_significativo
2021,SMFT3.SA,SMFT3,Smartfit Escola de Ginástica e Dança S.A.,SMART FIT   ON  EJ  NM,Consumer Cyclical,Leisure,2.8993,0.9084,0.0084,4,False,-14.2365,-13.5117,47.8656,-50.3106,1699826.0,-48.3871,Menos sensível,2.8993,nao_significativo
2021,ENGI11.SA,ENGI11,Energisa S.A.,ENERGISA    UNT     N2,Utilities,Utilities - Regulated Electric,3.3829,0.7645,0.0196,7,False,-4.2937,-0.4863,27.9343,-21.1014,1711024.0,81.9292,Menos sensível,3.3829,nao_significativo
2021,SLCE3.SA,SLCE3,SLC Agrícola S.A.,SLC AGRICOLAON      NM,Consumer Defensive,Farm Products,4.0014,0.7958,0.0147,7,False,3.6742,6.1314,38.7203,-34.4309,3610437.0,275.0838,Menos sensível,4.0014,nao_significativo
2021,POMO4.SA,POMO4,Marcopolo S.A.,MARCOPOLO   PN      N2,Industrials,Farm & Heavy Construction Machinery,7.729,0.4869,0.1012,7,False,1.0163,2.8874,37.7375,-28.0899,8446006.0,-13.6182,Menos sensível,7.729,nao_significativo
2021,VIVT3.SA,VIVT3,Telefônica Brasil S.A.,TELEF BRASILON  EJ,Communication Services,Telecom Services,9.0338,0.2954,0.2144,7,False,0.5494,1.0621,21.2561,-13.2941,5262377.0,63.627,Menos sensível,9.0338,nao_significativo
2021,RECV3.SA,RECV3,Petroreconcavo S.A.,PETRORECSA  ON      NM,Energy,Oil & Gas E&P,13.6113,0.4182,0.1689,6,False,1.6264,-0.7289,51.4658,-34.4294,909078.0,19.795,Menos sensível,13.6113,nao_significativo
2021,CMIN3.SA,CMIN3,CSN Mineração S.A.,CSNMINERACAOON      N2,Basic Materials,Steel,15.2495,0.3343,0.1858,7,False,2.5424,0.1898,39.8965,-50.4206,8745174.0,-23.3682,Menos sensível,15.2495,nao_significativo
2021,SUZB3.SA,SUZB3,Suzano S.A.,SUZANO S.A. ON      NM,Basic Materials,Paper & Paper Products,15.8792,0.1814,0.3251,7,False,-1.1403,0.4862,32.0497,-38.8987,7709065.0,224.9712,Menos sensível,15.8792,nao_significativo
2021,TIMS3.SA,TIMS3,TIM S.A.,TIM         ON      NM,Communication Services,Telecom Services,18.8191,0.1631,0.3482,7,False,-2.5541,0.9916,26.1425,-22.1191,6256143.0,13.442,Menos sensível,18.8191,nao_significativo
2022,DIRR3.SA,DIRR3,Direcional Engenharia S.A.,DIRECIONAL  ON      NM,Real Estate,Real Estate - Development,-29.0212,0.0408,0.7992,5,True,11.3767,5.5967,51.2432,-33.6691,5902867.0,288.2781,Mais sensível,29.0212,significativo
2022,CURY3.SA,CURY3,Cury Construtora e Incorporadora S.A.,CURY S/A    ON      NM,Real Estate,Real Estate - Development,-28.6064,0.0425,0.794,5,True,4.4507,7.2855,50.6368,-25.7988,1459959.0,53.5921,Mais sensível,28.6064,significativo
2022,MGLU3.SA,MGLU3,Magazine Luiza S.A.,MAGAZ LUIZA ON      NM,Consumer Cyclical,Specialty Retail,-26.7553,0.2846,0.3602,5,False,3.2646,5.7366,80.6629,-71.0204,18400598.0,12.1113,Mais sensível,26.7553,nao_significativo
2022,CEAB3.SA,CEAB3,C&A Modas S.A.,CEA MODAS   ON      NM,Consumer Cyclical,Specialty Retail,-25.6284,0.094,0.6616,5,False,-6.0077,-4.8946,62.7744,-70.3647,4404717.0,-87.0954,Mais sensível,25.6284,nao_significativo
2022,HAPV3.SA,HAPV3,Hapvida Participações e Investimentos S.A.,HAPVIDA     ON      NM,Financial Services,Insurance - Life,-20.3651,0.3846,0.2559,5,False,-3.6203,-3.7142,58.4358,-65.6226,3345527.0,-6.5454,Mais sensível,20.3651,nao_significativo
2022,MRVE3.SA,MRVE3,MRV Engenharia e Participações S.A.,MRV         ON      NM,Real Estate,Real Estate - Development,-19.665,0.0663,0.7273,5,False,0.0,2.7254,53.6936,-45.3225,9215032.0,-29.2359,Mais sensível,19.665,nao_significativo
2022,FLRY3.SA,FLRY3,Fleury S.A.,FLEURY      ON      NM,Healthcare,Diagnostics & Research,-18.9525,0.1017,0.6451,5,False,7.8368,5.1209,38.6405,-29.3301,2605819.0,-35.259,Mais sensível,18.9525,nao_significativo
2022,AURE3.SA,AURE3,Auren Energia S.A.,AUREN       ON      NM,Utilities,Utilities - Renewable,-17.2266,0.087,0.8336,4,False,-0.5515,0.2269,30.8476,-22.4164,3213406.0,-9.5588,Mais sensível,17.2266,nao_significativo
2022,CYRE3.SA,CYRE3,Cyrela Brazil Realty S.A. Empreendimentos e Participações,CYRELA REALTON      NM,Consumer Cyclical,Residential Construction,-16.0872,0.0552,0.7567,5,False,-2.0759,-1.0135,47.5567,-39.5906,7901056.0,31.2839,Mais sensível,16.0872,nao_significativo
2022,POMO4.SA,POMO4,Marcopolo S.A.,MARCOPOLO   PN      N2,Industrials,Farm & Heavy Construction Machinery,-15.8214,0.1496,0.5531,5,False,2.7027,-0.0595,37.0373,-34.2105,6871933.0,-15.3996,Mais sensível,15.8214,nao_significativo
2022,CXSE3.SA,CXSE3,Caixa Seguridade Participações S.A.,CAIXA SEGURION      NM,Financial Services,Insurance - Diversified,-15.7459,0.2458,0.4083,5,False,-2.7065,1.1513,30.6274,-26.6306,2550966.0,-7.5227,Mais sensível,15.7459,nao_significativo
2022,EMBJ3.SA,EMBJ3,Embraer S.A.,EMBRAER     ON      NM,Industrials,Aerospace & Defense,-13.2432,0.0042,0.9541,5,True,-9.1512,-6.6393,47.2649,-56.9334,8400247.0,-29.8554,Mais sensível,13.2432,significativo
2022,AZZA3.SA,AZZA3,Azzas 2154 S.A.,AZZAS 2154  ON  ATZ NM,Consumer Cyclical,Footwear & Accessories,-12.302,0.2698,0.378,5,False,7.8606,4.8068,36.063,-29.2344,1170549.0,53.4074,Mais sensível,12.302,nao_significativo
2022,ABEV3.SA,ABEV3,Ambev S.A.,AMBEV S/A   ON,Consumer Defensive,Beverages - Brewers,-12.0108,0.0259,0.8498,5,True,4.0651,4.344,24.1231,-15.3896,25904058.0,-19.9709,Mais sensível,12.0108,significativo
2022,RENT3.SA,RENT3,Localiza Rent a Car S.A.,LOCALIZA    ON      NM,Industrials,Rental & Leasing Services,-11.0089,0.132,0.5848,5,False,1.7667,2.0341,37.3571,-32.7624,7295377.0,160.8438,Mais sensível,11.0089,nao_significativo
2022,COGN3.SA,COGN3,Cogna Educação S.A.,COGNA ON    ON      NM,Consumer Defensive,Education & Training Services,-9.256,0.6433,0.0807,5,False,4.7619,5.4344,53.2777,-40.4834,39367174.0,-87.8899,Intermediário,9.256,nao_significativo
2022,WEGE3.SA,WEGE3,WEG S.A.,WEG         ON      NM,Industrials,Electrical Equipment & Parts,-7.2678,0.3849,0.2555,5,False,2.8473,2.111,36.6466,-35.472,8480455.0,329.3463,Intermediário,7.2678,nao_significativo
2022,PETR3.SA,PETR3,Petróleo Brasileiro S.A. - Petrobras,PETROBRAS   ON  EJ  N2,Energy,Oil & Gas Integrated,-6.5906,0.5851,0.1102,5,False,4.5361,8.3664,39.5947,-34.2866,19647974.0,235.4335,Intermediário,6.5906,nao_significativo
2022,BBDC4.SA,BBDC4,Banco Bradesco S.A.,BRADESCO    PN  EJ  N1,Financial Services,Banks - Regional,-5.037,0.7429,0.0413,5,False,1.5074,-1.8572,29.2134,-35.7777,44707867.0,-8.2435,Intermediário,5.037,nao_significativo
2022,PETR4.SA,PETR4,Petróleo Brasileiro S.A. - Petrobras,PETROBRAS   PN  EX  N2,Energy,Oil & Gas Integrated,-4.6396,0.653,0.0762,5,False,4.9035,7.5319,39.3133,-39.1042,82306835.0,214.4509,Intermediário,4.6396,nao_significativo
2022,LREN3.SA,LREN3,Lojas Renner S.A.,LOJAS RENNERON      NM,Consumer Cyclical,Department Stores,-4.5279,0.7588,0.0363,5,False,5.7917,4.5503,43.5528,-37.8318,14481183.0,-23.7521,Intermediário,4.5279,nao_significativo
2022,MOTV3.SA,MOTV3,Motiva Infraestrutura de Mobilidade S.A.,MOTIVA SA   ON      NM,Industrials,Infrastructure Operations,-3.9063,0.7188,0.0496,5,False,1.2328,1.055,32.3982,-29.4572,9712256.0,-21.4019,Intermediário,3.9063,nao_significativo
2022,ASAI3.SA,ASAI3,Sendas Distribuidora S.A.,ASSAI       ON      NM,Consumer Defensive,Grocery Stores,-3.488,0.7553,0.0374,5,False,5.1736,5.5577,34.1877,-13.4752,10560335.0,38.6002,Intermediário,3.488,nao_significativo
2022,VBBR3.SA,VBBR3,Vibra Energia S.A.,VIBRA       ON      NM,Consumer Cyclical,Specialty Retail,-3.2731,0.526,0.1457,5,False,0.1767,-1.0572,36.3367,-40.5282,10597075.0,-4.0737,Intermediário,3.2731,nao_significativo
2022,BBDC3.SA,BBDC3,Banco Bradesco S.A.,BRADESCO    ON  EJ  N1,Financial Services,Banks - Regional,-3.0059,0.8358,0.0167,5,False,1.4107,-1.0177,27.4372,-30.3626,8741344.0,-11.5328,Intermediário,3.0059,nao_significativo
2022,YDUQ3.SA,YDUQ3,Yduqs Participações S.A.,YDUQS PART  ON      NM,Consumer Defensive,Education & Training Services,-2.9014,0.8459,0.0147,5,False,-1.5936,-3.2012,61.2931,-57.7723,4161471.0,-65.8295,Intermediário,2.9014,nao_significativo
2022,ENEV3.SA,ENEV3,Eneva S.A.,ENEVA       ON      NM,Utilities,Utilities - Diversified,-2.7647,0.7673,0.0338,5,False,1.9821,4.0699,34.3726,-30.7883,8442783.0,238.4397,Intermediário,2.7647,nao_significativo
2022,BBSE3.SA,BBSE3,BB Seguridade Participações S.A.,BBSEGURIDADEON      NM,Financial Services,Insurance - Diversified,-2.6714,0.6652,0.0708,5,False,3.4773,6.129,24.4442,-12.1112,5808080.0,74.7569,Intermediário,2.6714,nao_significativo
2022,SMFT3.SA,SMFT3,Smartfit Escola de Ginástica e Dança S.A.,SMART FIT   ON  EJ  NM,Consumer Cyclical,Leisure,-2.6378,0.9153,0.0044,5,False,-7.4514,-0.9756,52.2488,-56.7086,1440308.0,-56.1613,Intermediário,2.6378,nao_significativo
2022,BRKM5.SA,BRKM5,Braskem S.A.,BRASKEM     PNA     N1,Basic Materials,Chemicals,-2.0949,0.9022,0.0059,5,False,-7.1307,-3.05,44.1052,-58.8752,2778662.0,-28.6297,Intermediário,2.0949,nao_significativo
2022,ITSA4.SA,ITSA4,Itaúsa S.A.,ITAUSA      PN  EJ  N1,Industrials,Conglomerates,-1.6288,0.8325,0.0174,5,False,-1.9601,-0.4261,22.7493,-25.162,30113944.0,35.6879,Intermediário,1.6288,nao_significativo
2022,CPLE3.SA,CPLE3,Companhia Paranaense de Energia - COPEL,COPEL       ON      NM,Utilities,Utilities - Regulated Electric,-1.6126,0.8692,0.0106,5,False,0.627,2.2027,29.3465,-16.973,1075123.0,375.3911,Intermediário,1.6126,nao_significativo
2022,ITUB4.SA,ITUB4,Itaú Unibanco Holding S.A.,ITAUUNIBANCOPN  EJ  N1,Financial Services,Banks - Regional,-1.431,0.8888,0.0077,5,False,0.0264,0.9883,25.4266,-23.7643,43427984.0,10.6785,Intermediário,1.431,nao_significativo
2022,TIMS3.SA,TIMS3,TIM S.A.,TIM         ON      NM,Communication Services,Telecom Services,-0.8494,0.9032,0.0058,5,False,2.9182,0.5371,24.4255,-18.0382,7712904.0,12.09,Intermediário,0.8494,nao_significativo
2022,RADL3.SA,RADL3,Raia Drogasil S.A.,RAIADROGASILON      NM,Healthcare,Pharmaceutical Retailers,0.104,0.9915,0.0,5,False,8.2348,6.5778,30.9441,-24.5222,7352067.0,36.9363,Menos sensível,0.104,nao_significativo
2022,GOAU4.SA,GOAU4,Metalurgica Gerdau S.A.,GERDAU MET  PN      N1,Basic Materials,Steel,0.2314,0.9783,0.0003,5,False,0.2542,2.3134,35.6228,-27.4219,11950915.0,212.0178,Menos sensível,0.2314,nao_significativo
2022,MULT3.SA,MULT3,Multiplan Empreendimentos Imobiliários S.A.,MULTIPLAN   ON      N2,Real Estate,Real Estate Services,0.2469,0.9759,0.0004,5,False,4.142,5.0346,34.9197,-26.1922,5458709.0,2.0252,Menos sensível,0.2469,nao_significativo
2022,RECV3.SA,RECV3,Petroreconcavo S.A.,PETRORECSA  ON      NM,Energy,Oil & Gas E&P,0.3959,0.9751,0.0004,5,False,6.9006,6.9564,49.0035,-23.0796,1704566.0,122.7855,Menos sensível,0.3959,nao_significativo
2022,UGPA3.SA,UGPA3,Ultrapar Participações S.A.,ULTRAPAR    ON      NM,Energy,Oil & Gas Refining & Marketing,0.4802,0.9682,0.0006,5,False,3.0075,5.2594,41.2729,-23.3815,6966041.0,-18.0781,Menos sensível,0.4802,nao_significativo
2022,IGTI11.SA,IGTI11,Iguatemi S.A.,IGUATEMI S.AUNT     N1,Real Estate,Real Estate Services,0.6192,0.9193,0.004,5,False,0.1071,1.807,39.0309,-24.8663,2700388.0,-8.1845,Menos sensível,0.6192,nao_significativo
2022,VIVT3.SA,VIVT3,Telefônica Brasil S.A.,TELEF BRASILON  EJ,Communication Services,Telecom Services,0.8706,0.8995,0.0062,5,False,-0.4939,-1.0084,19.8282,-31.0308,4729387.0,35.5254,Menos sensível,0.8706,nao_significativo
2022,ENGI11.SA,ENGI11,Energisa S.A.,ENERGISA    UNT     N2,Utilities,Utilities - Regulated Electric,1.0153,0.8889,0.0076,5,False,-4.1023,-2.4159,25.355,-22.8537,2010801.0,96.654,Menos sensível,1.0153,nao_significativo
2022,BPAC11.SA,BPAC11,Banco BTG Pactual S.A.,BTGP BANCO  UNT     N2,Financial Services,Capital Markets,1.1875,0.8743,0.0098,5,False,4.1539,3.9221,41.7102,-29.1057,11016708.0,498.8114,Menos sensível,1.1875,nao_significativo
2022,SANB11.SA,SANB11,Banco Santander (Brasil) S.A.,SANTANDER BRUNT,Financial Services,Banks - Regional,1.6212,0.836,0.0167,5,False,-2.2748,-2.9695,27.0374,-26.8642,2377183.0,23.4059,Menos sensível,1.6212,nao_significativo
2022,MBRF3.SA,MBRF3,MBRF Global Foods Company S.A.,MARFRIG     ON      NM,Consumer Defensive,Packaged Foods,1.8841,0.747,0.04,5,False,0.3741,-0.1394,44.8776,-67.2065,9733154.0,65.9434,Menos sensível,1.8841,nao_significativo
2022,BBAS3.SA,BBAS3,Banco do Brasil S.A.,BRASIL      ON  EJ  NM,Financial Services,Banks - Regional,1.9295,0.8445,0.015,5,False,7.7043,6.4922,30.3432,-28.0989,32886006.0,46.9769,Menos sensível,1.9295,nao_significativo
2022,GGBR4.SA,GGBR4,Gerdau S.A.,GERDAU      PN      N1,Basic Materials,Steel,2.0311,0.7618,0.0354,5,False,0.5983,1.7057,38.2538,-28.3646,16619091.0,206.9905,Menos sensível,2.0311,nao_significativo
2022,RAIL3.SA,RAIL3,Rumo S.A.,RUMO S.A.   ON      NM,Industrials,Railroads,2.0878,0.8961,0.0067,5,False,4.1313,5.2205,35.0564,-25.3839,11549847.0,43.4208,Menos sensível,2.0878,nao_significativo
2022,KLBN11.SA,KLBN11,Klabin S.A.,KLABIN S/A  UNT     N2,Basic Materials,Paper & Paper Products,2.986,0.7011,0.0562,5,False,-5.3061,-5.998,27.5235,-30.8607,6446242.0,33.2858,Menos sensível,2.986,nao_significativo
2022,VAMO3.SA,VAMO3,"Vamos Locação de Caminhões, Máquinas e Equipamentos S.A.",VAMOS       ON      NM,Industrials,Rental & Leasing Services,3.0145,0.8507,0.0138,5,False,-2.9333,-0.0803,48.019,-33.0685,3167261.0,61.5432,Menos sensível,3.0145,nao_significativo
2022,HYPE3.SA,HYPE3,Hypera S.A.,HYPERA      ON      NM,Healthcare,Drug Manufacturers - Specialty & Generic,3.198,0.7296,0.0458,5,False,6.8498,8.8982,29.2911,-19.1104,3674638.0,49.0072,Menos sensível,3.198,nao_significativo
2022,EGIE3.SA,EGIE3,Engie Brasil Energia S.A.,ENGIE BRASILON      NM,Utilities,Utilities - Renewable,3.2245,0.6394,0.0825,5,False,-0.3576,0.9253,18.4249,-15.8191,2289824.0,89.8607,Menos sensível,3.2245,nao_significativo
2022,CSAN3.SA,CSAN3,Cosan S.A.,COSAN       ON  ATZ NM,Energy,Oil & Gas Refining & Marketing,3.3491,0.8109,0.0222,5,False,-1.105,1.4643,35.1277,-35.9148,8803222.0,81.8691,Menos sensível,3.3491,nao_significativo
2022,USIM5.SA,USIM5,Usinas Siderúrgicas de Minas Gerais S.A.,USIMINAS    PNA     N1,Basic Materials,Steel,3.8861,0.6915,0.0599,5,False,-5.5936,-4.1428,46.4796,-57.0939,19838598.0,-12.2302,Menos sensível,3.8861,nao_significativo
2022,PSSA3.SA,PSSA3,Porto Seguro S.A.,PORTO SEGUROON      NM,Financial Services,Insurance - Diversified,3.9864,0.6958,0.0582,5,False,6.3545,4.4645,29.4878,-18.6488,2017357.0,70.2324,Menos sensível,3.9864,nao_significativo
2022,CMIG4.SA,CMIG4,Companhia Energética de Minas Gerais - CEMIG,CEMIG       PN      N1,Utilities,Utilities - Regulated Electric,4.1198,0.7135,0.0515,5,False,3.5043,6.4753,32.4226,-20.0863,14263764.0,274.1688,Menos sensível,4.1198,nao_significativo
2022,SUZB3.SA,SUZB3,Suzano S.A.,SUZANO S.A. ON      NM,Basic Materials,Paper & Paper Products,4.3369,0.6655,0.0707,5,False,-8.9349,-7.8433,31.6576,-33.1517,6261839.0,176.6096,Menos sensível,4.3369,nao_significativo
2022,ALOS3.SA,ALOS3,Allos S.A.,ALLOS       ON      NM,Real Estate,Real Estate Services,4.5268,0.2858,0.3588,5,False,-1.5138,-1.5559,35.1827,-32.7391,1752273.0,-27.644,Menos sensível,4.5268,nao_significativo
2022,CSMG3.SA,CSMG3,Companhia de Saneamento de Minas Gerais,COPASA      ON      NM,Utilities,Utilities - Regulated Water,4.8233,0.4405,0.2077,5,False,5.4383,3.726,36.3242,-23.9276,1730412.0,57.6276,Menos sensível,4.8233,nao_significativo
2022,VIVA3.SA,VIVA3,Vivara Participações S.A.,VIVARA S.A. ON      NM,Consumer Cyclical,Luxury Goods,5.3888,0.5143,0.1535,5,False,5.5061,2.9805,43.1094,-32.5294,1127519.0,-3.0833,Menos sensível,5.3888,nao_significativo
2022,CPFE3.SA,CPFE3,CPFL Energia S.A.,CPFL ENERGIAON      NM,Utilities,Utilities - Regulated Electric,5.5282,0.5124,0.1547,5,False,6.2106,4.2369,28.0667,-17.8942,2818280.0,132.7832,Menos sensível,5.5282,nao_significativo
2022,ISAE4.SA,ISAE4,ISA Energía Brasil S.A.,ISA ENERGIA PN      N1,Utilities,Utilities - Independent Power Producers,7.1492,0.1011,0.6462,5,False,-0.7551,1.343,17.6874,-19.1204,1801542.0,127.4264,Menos sensível,7.1492,nao_significativo
2022,TAEE11.SA,TAEE11,Transmissora Aliança de Energia Elétrica S.A.,TAESA       UNT     N2,Utilities,Utilities - Regulated Electric,7.4152,0.259,0.3914,5,False,3.4116,2.668,17.6244,-19.5561,2124093.0,175.249,Menos sensível,7.4152,nao_significativo
2022,B3SA3.SA,B3SA3,"B3 S.A. - Brasil, Bolsa, Balcão",B3          ON      NM,Financial Services,Financial Data & Stock Exchanges,7.7776,0.4819,0.1761,5,False,3.9602,1.2765,41.8533,-37.1267,44953742.0,107.7707,Menos sensível,7.7776,nao_significativo
2022,AXIA3.SA,AXIA3,AXIA Energia SA,AXIA ENERGIAON      NM,Utilities,Utilities - Renewable,8.5576,0.5758,0.1155,5,False,2.9682,6.5629,33.8651,-20.6128,10812580.0,163.3773,Menos sensível,8.5576,nao_significativo
2022,TOTS3.SA,TOTS3,TOTVS S.A.,TOTVS       ON      NM,Technology,Software - Application,9.1316,0.1451,0.561,5,False,6.3486,6.4134,43.3771,-38.1333,5002032.0,187.194,Menos sensível,9.1316,nao_significativo
2022,BEEF3.SA,BEEF3,Minerva S.A.,MINERVA     ON      NM,Consumer Defensive,Packaged Foods,9.7965,0.318,0.3224,5,False,16.6596,13.4325,40.1869,-28.1445,6885356.0,41.238,Menos sensível,9.7965,nao_significativo
2022,PRIO3.SA,PRIO3,Prio S.A.,PRIO        ON      NM,Energy,Oil & Gas E&P,10.0753,0.5321,0.1418,5,False,4.9434,4.4982,47.5876,-28.7256,17650904.0,2077.2966,Menos sensível,10.0753,nao_significativo
2022,EQTL3.SA,EQTL3,Equatorial S.A.,EQUATORIAL  ON      NM,Utilities,Utilities - Regulated Electric,11.0225,0.0223,0.8636,5,True,-3.1788,-1.5329,25.3079,-16.8355,8128853.0,126.2122,Menos sensível,11.0225,significativo
2022,CMIN3.SA,CMIN3,CSN Mineração S.A.,CSNMINERACAOON      N2,Basic Materials,Steel,11.1801,0.4822,0.1758,5,False,-5.2117,-5.8362,45.5188,-53.0723,8488698.0,-42.6525,Menos sensível,11.1801,nao_significativo
2022,SBSP3.SA,SBSP3,Companhia de Saneamento Básico do Estado de São Paulo - SABESP,SABESP      ON      NM,Utilities,Utilities - Regulated Water,11.4947,0.079,0.6959,5,False,6.2164,9.0617,32.7685,-20.3868,19614035.0,85.7261,Menos sensível,11.4947,nao_significativo
2022,BRAV3.SA,BRAV3,Brava Energia S.A.,BRAVA       ON      NM,Energy,Oil & Gas E&P,12.0868,0.5887,0.1083,5,False,10.4545,5.3067,49.7908,-41.9996,4454900.0,81.7211,Menos sensível,12.0868,nao_significativo
2022,SLCE3.SA,SLCE3,SLC Agrícola S.A.,SLC AGRICOLAON      NM,Consumer Defensive,Farm Products,12.473,0.5556,0.1273,5,False,6.8281,1.1235,37.9211,-31.6045,4130345.0,353.8943,Menos sensível,12.473,nao_significativo
2022,RDOR3.SA,RDOR3,Rede D'Or São Luiz S.A.,REDE D OR   ON      NM,Healthcare,Medical Care Facilities,12.589,0.4277,0.2181,5,False,-2.4957,-3.3891,42.9146,-55.7291,4811638.0,-53.9185,Menos sensível,12.589,nao_significativo
2022,VALE3.SA,VALE3,Vale S.A.,VALE        ON      NM,Basic Materials,Other Industrial Metals & Mining,21.4955,0.0776,0.6992,5,False,-2.6748,2.1003,38.0376,-34.5907,31656212.0,205.637,Menos sensível,21.4955,nao_significativo
2022,BRAP4.SA,BRAP4,Bradespar S.A.,BRADESPAR   PN      N1,Financial Services,Asset Management,26.7766,0.0806,0.6921,5,False,-3.4314,1.1065,33.9011,-37.6422,4055229.0,369.4936,Menos sensível,26.7766,nao_significativo
2022,CSNA3.SA,CSNA3,Companhia Siderúrgica Nacional,SID NACIONALON,Basic Materials,Steel,27.0416,0.0845,0.6831,5,False,-0.9346,-1.7055,53.531,-57.0948,12153403.0,119.58,Menos sensível,27.0416,nao_significativo
2024,CEAB3.SA,CEAB3,C&A Modas S.A.,CEA MODAS   ON      NM,Consumer Cyclical,Specialty Retail,-27.4273,0.0848,0.5651,6,False,5.475,3.6759,60.0567,-41.7089,3752295.0,-54.6368,Mais sensível,27.4273,nao_significativo
2024,USIM5.SA,USIM5,Usinas Siderúrgicas de Minas Gerais S.A.,USIMINAS    PNA     N1,Basic Materials,Steel,-15.8498,0.1319,0.4715,6,False,-1.2733,-0.8022,41.2644,-51.2086,13463944.0,-29.2704,Mais sensível,15.8498,nao_significativo
2024,GOAU4.SA,GOAU4,Metalurgica Gerdau S.A.,GERDAU MET  PN      N1,Basic Materials,Steel,-10.5232,0.1296,0.4756,6,False,0.4207,-1.9395,24.8158,-13.9379,10285197.0,194.5518,Mais sensível,10.5232,nao_significativo
2024,HAPV3.SA,HAPV3,Hapvida Participações e Investimentos S.A.,HAPVIDA     ON      NM,Financial Services,Insurance - Life,-10.2525,0.0486,0.6628,6,True,-10.1902,-10.9137,40.4904,-54.5064,4650968.0,-58.9757,Mais sensível,10.2525,significativo
2024,VAMO3.SA,VAMO3,"Vamos Locação de Caminhões, Máquinas e Equipamentos S.A.",VAMOS       ON      NM,Industrials,Rental & Leasing Services,-10.1579,0.235,0.3278,6,False,-8.082,-7.1326,47.3402,-54.0684,8372937.0,-33.5461,Mais sensível,10.1579,nao_significativo
2024,CSNA3.SA,CSNA3,Companhia Siderúrgica Nacional,SID NACIONALON,Basic Materials,Steel,-10.0257,0.2798,0.2805,6,False,-2.7617,-6.0147,35.9689,-50.9017,7637172.0,69.7093,Mais sensível,10.0257,nao_significativo
2024,VBBR3.SA,VBBR3,Vibra Energia S.A.,VIBRA       ON      NM,Consumer Cyclical,Specialty Retail,-9.9977,0.2081,0.3599,6,False,-8.9566,-5.4475,25.5219,-31.0311,8699567.0,23.1591,Mais sensível,9.9977,nao_significativo
2024,MGLU3.SA,MGLU3,Magazine Luiza S.A.,MAGAZ LUIZA ON      NM,Consumer Cyclical,Specialty Retail,-9.995,0.4029,0.1793,6,False,-15.4167,-12.9252,60.2366,-70.7207,21173048.0,-71.5652,Mais sensível,9.995,nao_significativo
2024,BRKM5.SA,BRKM5,Braskem S.A.,BRASKEM     PNA     N1,Basic Materials,Chemicals,-9.3239,0.4637,0.1407,6,False,-7.91,-4.2863,42.8046,-57.8775,3268067.0,-65.216,Intermediário,9.3239,nao_significativo
2024,GGBR4.SA,GGBR4,Gerdau S.A.,GERDAU      PN      N1,Basic Materials,Steel,-9.1981,0.1919,0.3807,6,False,1.7581,-1.8922,27.1232,-16.002,12373786.0,165.5175,Intermediário,9.1981,nao_significativo
2024,AURE3.SA,AURE3,Auren Energia S.A.,AUREN       ON      NM,Utilities,Utilities - Renewable,-8.5265,0.0151,0.8063,6,True,-1.5292,-3.5561,16.5574,-33.7361,4802701.0,-31.7116,Intermediário,8.5265,significativo
2024,CMIG4.SA,CMIG4,Companhia Energética de Minas Gerais - CEMIG,CEMIG       PN      N1,Utilities,Utilities - Regulated Electric,-7.7505,0.0297,0.7323,6,True,1.1768,1.0825,24.121,-8.642,13773311.0,512.317,Intermediário,7.7505,significativo
2024,RADL3.SA,RADL3,Raia Drogasil S.A.,RAIADROGASILON      NM,Healthcare,Pharmaceutical Retailers,-7.4001,0.1087,0.5143,6,False,-5.464,-3.72,24.2633,-26.2527,7230292.0,35.3794,Intermediário,7.4001,nao_significativo
2024,DIRR3.SA,DIRR3,Direcional Engenharia S.A.,DIRECIONAL  ON      NM,Real Estate,Real Estate - Development,-6.6297,0.3276,0.2368,6,False,-4.1113,-2.4919,28.3604,-19.9034,5820546.0,629.1779,Intermediário,6.6297,nao_significativo
2024,WEGE3.SA,WEGE3,WEG S.A.,WEG         ON      NM,Industrials,Electrical Equipment & Parts,-6.4435,0.3293,0.2354,6,False,-0.9637,1.4177,22.8938,-12.2388,6483527.0,508.5848,Intermediário,6.4435,nao_significativo
2024,UGPA3.SA,UGPA3,Ultrapar Participações S.A.,ULTRAPAR    ON      NM,Energy,Oil & Gas Refining & Marketing,-6.1326,0.2761,0.2842,6,False,-6.0379,-5.276,28.3897,-47.7392,5234224.0,7.9508,Intermediário,6.1326,nao_significativo
2024,VALE3.SA,VALE3,Vale S.A.,VALE        ON      NM,Basic Materials,Other Industrial Metals & Mining,-5.3554,0.252,0.3091,6,False,-2.4123,-1.5601,22.1629,-23.7546,23218919.0,122.4247,Intermediário,5.3554,nao_significativo
2024,POMO4.SA,POMO4,Marcopolo S.A.,MARCOPOLO   PN      N2,Industrials,Farm & Heavy Construction Machinery,-5.1857,0.5437,0.0989,6,False,-4.688,-1.6411,36.7854,-23.868,9493779.0,206.3136,Intermediário,5.1857,nao_significativo
2024,EGIE3.SA,EGIE3,Engie Brasil Energia S.A.,ENGIE BRASILON      NM,Utilities,Utilities - Renewable,-5.1645,0.0416,0.6864,6,True,-2.9077,-2.0615,17.0179,-23.3977,2092660.0,102.6652,Intermediário,5.1645,significativo
2024,CURY3.SA,CURY3,Cury Construtora e Incorporadora S.A.,CURY S/A    ON      NM,Real Estate,Real Estate - Development,-4.8387,0.2731,0.2872,6,False,-4.9271,-3.648,29.4711,-30.9341,1947674.0,147.4357,Intermediário,4.8387,nao_significativo
2024,RENT3.SA,RENT3,Localiza Rent a Car S.A.,LOCALIZA    ON      NM,Industrials,Rental & Leasing Services,-4.4692,0.304,0.2577,6,False,-6.6139,-6.6862,36.7011,-50.5831,9491292.0,68.9701,Intermediário,4.4692,nao_significativo
2024,VIVA3.SA,VIVA3,Vivara Participações S.A.,VIVARA S.A. ON      NM,Consumer Cyclical,Luxury Goods,-4.4312,0.1838,0.3917,6,False,-8.876,-8.5186,34.0607,-45.1077,3592500.0,-13.9302,Intermediário,4.4312,nao_significativo
2024,CYRE3.SA,CYRE3,Cyrela Brazil Realty S.A. Empreendimentos e Participações,CYRELA REALTON      NM,Consumer Cyclical,Residential Construction,-4.2023,0.6049,0.0729,6,False,-7.4701,-4.8852,33.2386,-31.5564,5879223.0,84.0616,Intermediário,4.2023,nao_significativo
2024,TIMS3.SA,TIMS3,TIM S.A.,TIM         ON      NM,Communication Services,Telecom Services,-4.0776,0.2363,0.3264,6,False,-2.8303,-2.2365,24.1994,-22.1738,6955685.0,58.972,Intermediário,4.0776,nao_significativo
2024,TOTS3.SA,TOTS3,TOTVS S.A.,TOTVS       ON      NM,Technology,Software - Application,-4.0443,0.3171,0.246,6,False,-4.7853,-4.7134,30.5292,-22.1721,3725640.0,189.0254,Intermediário,4.0443,nao_significativo
2024,ITSA4.SA,ITSA4,Itaúsa S.A.,ITAUSA      PN  EJ  N1,Industrials,Conglomerates,-4.0105,0.3775,0.1974,6,False,-4.4216,-3.7047,17.5493,-17.6754,24076507.0,77.2255,Intermediário,4.0105,nao_significativo
2024,CMIN3.SA,CMIN3,CSN Mineração S.A.,CSNMINERACAOON      N2,Basic Materials,Steel,-3.8366,0.3982,0.1825,6,False,-6.2426,-5.5621,36.835,-39.4406,9589590.0,-6.2578,Intermediário,3.8366,nao_significativo
2024,ENEV3.SA,ENEV3,Eneva S.A.,ENEVA       ON      NM,Utilities,Utilities - Diversified,-3.6748,0.2792,0.2811,6,False,-2.001,-2.0498,22.5412,-26.9764,8072651.0,198.7234,Intermediário,3.6748,nao_significativo
2024,ITUB4.SA,ITUB4,Itaú Unibanco Holding S.A.,ITAUUNIBANCOPN  EJ  N1,Financial Services,Banks - Regional,-3.5817,0.4175,0.1694,6,False,-3.9974,-2.5585,17.688,-16.4773,26788036.0,52.8813,Intermediário,3.5817,nao_significativo
2024,PSSA3.SA,PSSA3,Porto Seguro S.A.,PORTO SEGUROON      NM,Financial Services,Insurance - Diversified,-3.4746,0.3635,0.2079,6,False,3.2396,1.6852,19.7431,-10.7937,1821829.0,188.9237,Intermediário,3.4746,nao_significativo
2024,BRAP4.SA,BRAP4,Bradespar S.A.,BRADESPAR   PN      N1,Financial Services,Asset Management,-3.4255,0.5077,0.1166,6,False,-5.1515,-3.346,21.1701,-26.613,4056414.0,232.5889,Intermediário,3.4255,nao_significativo
2024,FLRY3.SA,FLRY3,Fleury S.A.,FLEURY      ON      NM,Healthcare,Diagnostics & Research,-3.4185,0.2523,0.3087,6,False,-5.0125,-4.8593,20.8499,-29.0742,2938584.0,-42.8333,Intermediário,3.4185,nao_significativo
2024,LREN3.SA,LREN3,Lojas Renner S.A.,LOJAS RENNERON      NM,Consumer Cyclical,Department Stores,-3.3794,0.5713,0.0866,6,False,-2.3233,-2.7906,41.4849,-29.799,18449820.0,-45.8188,Intermediário,3.3794,nao_significativo
2024,ALOS3.SA,ALOS3,Allos S.A.,ALLOS       ON      NM,Real Estate,Real Estate Services,-3.3036,0.4807,0.131,6,False,-3.7989,-4.3081,21.8549,-23.5158,4389079.0,-13.5107,Intermediário,3.3036,nao_significativo
2024,CSMG3.SA,CSMG3,Companhia de Saneamento de Minas Gerais,COPASA      ON      NM,Utilities,Utilities - Regulated Water,-2.8631,0.606,0.0724,6,False,-0.2387,-0.5244,26.4186,-20.0398,1566173.0,178.7934,Intermediário,2.8631,nao_significativo
2024,RAIL3.SA,RAIL3,Rumo S.A.,RUMO S.A.   ON      NM,Industrials,Railroads,-2.627,0.2674,0.293,6,False,-3.2498,-4.2362,24.723,-25.6034,11953886.0,38.5935,Intermediário,2.627,nao_significativo
2024,CSAN3.SA,CSAN3,Cosan S.A.,COSAN       ON  ATZ NM,Energy,Oil & Gas Refining & Marketing,-2.105,0.631,0.0631,6,False,-8.3841,-10.139,29.9257,-56.7919,10685884.0,-7.8255,Intermediário,2.105,nao_significativo
2024,EMBJ3.SA,EMBJ3,Embraer S.A.,EMBRAER     ON      NM,Industrials,Aerospace & Defense,-2.1006,0.7843,0.021,6,False,4.9588,5.338,38.3183,-12.9983,6907163.0,175.4315,Intermediário,2.1006,nao_significativo
2024,SBSP3.SA,SBSP3,Companhia de Saneamento Básico do Estado de São Paulo - SABESP,SABESP      ON      NM,Utilities,Utilities - Regulated Water,-2.0023,0.5523,0.095,6,False,-0.4272,-0.4704,22.1616,-13.6777,21568790.0,200.9881,Intermediário,2.0023,nao_significativo
2024,IGTI11.SA,IGTI11,Iguatemi S.A.,IGUATEMI S.AUNT     N1,Real Estate,Real Estate Services,-1.941,0.6033,0.0735,6,False,-5.022,-4.7292,23.7173,-27.5585,3138974.0,-9.7338,Intermediário,1.941,nao_significativo
2024,VIVT3.SA,VIVT3,Telefônica Brasil S.A.,TELEF BRASILON  EJ,Communication Services,Telecom Services,-1.79,0.3942,0.1853,6,False,-0.752,-1.0313,21.4956,-21.2703,4732347.0,88.4676,Intermediário,1.79,nao_significativo
2024,ENGI11.SA,ENGI11,Energisa S.A.,ENERGISA    UNT     N2,Utilities,Utilities - Regulated Electric,-1.7645,0.1931,0.3791,6,False,-4.386,-3.6922,23.2443,-31.5235,3307122.0,75.3537,Intermediário,1.7645,nao_significativo
2024,CPFE3.SA,CPFE3,CPFL Energia S.A.,CPFL ENERGIAON      NM,Utilities,Utilities - Regulated Electric,-1.5513,0.2858,0.2747,6,False,-0.8479,-0.2722,18.1579,-18.7857,1845768.0,141.8765,Intermediário,1.5513,nao_significativo
2024,MOTV3.SA,MOTV3,Motiva Infraestrutura de Mobilidade S.A.,MOTIVA SA   ON      NM,Industrials,Infrastructure Operations,-1.4603,0.7258,0.0342,6,False,-4.4771,-3.8838,22.426,-26.6729,7825255.0,-22.3832,Intermediário,1.4603,nao_significativo
2024,SLCE3.SA,SLCE3,SLC Agrícola S.A.,SLC AGRICOLAON      NM,Consumer Defensive,Farm Products,-1.4304,0.7967,0.0186,6,False,-2.2592,-2.0806,22.0531,-13.6223,2746220.0,315.5406,Intermediário,1.4304,nao_significativo
2024,BBAS3.SA,BBAS3,Banco do Brasil S.A.,BRASIL      ON  EJ  NM,Financial Services,Banks - Regional,-1.3943,0.2157,0.3505,6,False,-1.4085,-1.4043,16.6494,-16.1605,17383170.0,141.2012,Intermediário,1.3943,nao_significativo
2024,SMFT3.SA,SMFT3,Smartfit Escola de Ginástica e Dança S.A.,SMART FIT   ON  EJ  NM,Consumer Cyclical,Leisure,-1.1411,0.8179,0.0149,6,False,-2.8769,-3.4523,31.5199,-35.4639,2324759.0,-42.6103,Intermediário,1.1411,nao_significativo
2024,EQTL3.SA,EQTL3,Equatorial S.A.,EQUATORIAL  ON      NM,Utilities,Utilities - Regulated Electric,-0.959,0.6654,0.0515,6,False,-4.7521,-4.7006,25.1542,-23.549,7953272.0,136.2049,Intermediário,0.959,nao_significativo
2024,ASAI3.SA,ASAI3,Sendas Distribuidora S.A.,ASSAI       ON      NM,Consumer Defensive,Grocery Stores,-0.9406,0.8614,0.0086,6,False,-7.4057,-5.6956,40.465,-65.5727,16349365.0,-59.7583,Intermediário,0.9406,nao_significativo
2024,MULT3.SA,MULT3,Multiplan Empreendimentos Imobiliários S.A.,MULTIPLAN   ON      N2,Real Estate,Real Estate Services,-0.8936,0.6515,0.0561,6,False,-5.1039,-4.9123,23.2677,-25.6015,4446330.0,4.853,Intermediário,0.8936,nao_significativo
2024,ISAE4.SA,ISAE4,ISA Energía Brasil S.A.,ISA ENERGIA PN      N1,Utilities,Utilities - Independent Power Producers,-0.8753,0.4434,0.1529,6,False,-0.701,-0.8104,21.0041,-17.0811,2835090.0,148.3805,Intermediário,0.8753,nao_significativo
2024,MRVE3.SA,MRVE3,MRV Engenharia e Participações S.A.,MRV         ON      NM,Real Estate,Real Estate - Development,-0.8307,0.9334,0.002,6,False,-2.2846,-7.6022,47.6484,-54.291,15412047.0,-50.5583,Intermediário,0.8307,nao_significativo
2024,BBSE3.SA,BBSE3,BB Seguridade Participações S.A.,BBSEGURIDADEON      NM,Financial Services,Insurance - Diversified,-0.6848,0.7472,0.0289,6,False,-0.5479,-0.1078,14.7316,-10.7162,4643904.0,124.2515,Intermediário,0.6848,nao_significativo
2024,HYPE3.SA,HYPE3,Hypera S.A.,HYPERA      ON      NM,Healthcare,Drug Manufacturers - Specialty & Generic,-0.4081,0.9578,0.0008,6,False,-4.7091,-4.6167,32.5989,-52.2596,4341650.0,-35.6435,Intermediário,0.4081,nao_significativo
2024,CPLE3.SA,CPLE3,Companhia Paranaense de Energia - COPEL,COPEL       ON      NM,Utilities,Utilities - Regulated Electric,-0.3806,0.8982,0.0046,6,False,-1.4641,-1.4782,20.523,-14.5091,6349083.0,517.9694,Intermediário,0.3806,nao_significativo
2024,AZZA3.SA,AZZA3,Azzas 2154 S.A.,AZZAS 2154  ON  ATZ NM,Consumer Cyclical,Footwear & Accessories,-0.2567,0.971,0.0004,6,False,-7.5173,-7.145,35.8664,-53.9065,2148549.0,-38.6386,Intermediário,0.2567,nao_significativo
2024,KLBN11.SA,KLBN11,Klabin S.A.,KLABIN S/A  UNT     N2,Basic Materials,Paper & Paper Products,-0.2095,0.9751,0.0003,6,False,-0.4103,1.6862,19.222,-12.7972,4620800.0,93.619,Intermediário,0.2095,nao_significativo
2024,SANB11.SA,SANB11,Banco Santander (Brasil) S.A.,SANTANDER BRUNT,Financial Services,Banks - Regional,-0.2056,0.8762,0.0068,6,False,-2.246,-2.613,20.5364,-24.8581,2855734.0,17.0827,Intermediário,0.2056,nao_significativo
2024,BPAC11.SA,BPAC11,Banco BTG Pactual S.A.,BTGP BANCO  UNT     N2,Financial Services,Capital Markets,-0.1244,0.971,0.0004,6,False,-4.1607,-4.7377,25.5654,-27.6243,8847869.0,617.7189,Intermediário,0.1244,nao_significativo
2024,RECV3.SA,RECV3,Petroreconcavo S.A.,PETRORECSA  ON      NM,Energy,Oil & Gas E&P,-0.0415,0.9925,0.0,6,False,-3.4986,-1.7772,35.1967,-26.6858,2508856.0,32.8437,Intermediário,0.0415,nao_significativo
2024,BEEF3.SA,BEEF3,Minerva S.A.,MINERVA     ON      NM,Consumer Defensive,Packaged Foods,0.3249,0.969,0.0004,6,False,-7.5646,-5.532,34.4708,-35.9748,9019038.0,-41.5786,Menos sensível,0.3249,nao_significativo
2024,BBDC4.SA,BBDC4,Banco Bradesco S.A.,BRADESCO    PN  EJ  N1,Financial Services,Banks - Regional,0.3945,0.9348,0.0019,6,False,-4.0156,-3.8944,23.629,-27.7417,38417856.0,-17.1215,Menos sensível,0.3945,nao_significativo
2024,TAEE11.SA,TAEE11,Transmissora Aliança de Energia Elétrica S.A.,TAESA       UNT     N2,Utilities,Utilities - Regulated Electric,0.4811,0.7902,0.0198,6,False,-1.1679,-1.3474,12.7693,-8.5072,1837037.0,213.122,Menos sensível,0.4811,nao_significativo
2024,CXSE3.SA,CXSE3,Caixa Seguridade Participações S.A.,CAIXA SEGURION      NM,Financial Services,Insurance - Diversified,0.6259,0.9128,0.0034,6,False,-2.1882,-1.9929,22.8537,-15.3957,4292832.0,86.5383,Menos sensível,0.6259,nao_significativo
2024,B3SA3.SA,B3SA3,"B3 S.A. - Brasil, Bolsa, Balcão",B3          ON      NM,Financial Services,Financial Data & Stock Exchanges,0.7464,0.6799,0.047,6,False,-4.4415,-4.659,27.7003,-34.2126,45196458.0,73.0249,Menos sensível,0.7464,nao_significativo
2024,PETR4.SA,PETR4,Petróleo Brasileiro S.A. - Petrobras,PETROBRAS   PN  EX  N2,Energy,Oil & Gas Integrated,0.9977,0.8893,0.0055,6,False,1.1164,1.5511,23.8243,-16.8998,37065829.0,636.9939,Menos sensível,0.9977,nao_significativo
2024,BBDC3.SA,BBDC3,Banco Bradesco S.A.,BRADESCO    ON  EJ  N1,Financial Services,Banks - Regional,1.0697,0.754,0.0274,6,False,-4.0051,-4.3072,21.8078,-26.454,7645801.0,-16.9733,Menos sensível,1.0697,nao_significativo
2024,AXIA3.SA,AXIA3,AXIA Energia SA,AXIA ENERGIAON      NM,Utilities,Utilities - Renewable,1.1757,0.833,0.0125,6,False,-3.3902,-2.1008,23.6041,-22.5851,7871282.0,122.6205,Menos sensível,1.1757,nao_significativo
2024,PRIO3.SA,PRIO3,Prio S.A.,PRIO        ON      NM,Energy,Oil & Gas E&P,1.2485,0.8524,0.0098,6,False,2.2981,-1.0071,29.3263,-23.3779,9099949.0,2253.1006,Menos sensível,1.2485,nao_significativo
2024,PETR3.SA,PETR3,Petróleo Brasileiro S.A. - Petrobras,PETROBRAS   ON  EJ  N2,Energy,Oil & Gas Integrated,1.5472,0.8541,0.0095,6,False,2.4096,2.2118,26.6098,-18.4761,10838432.0,620.8773,Menos sensível,1.5472,nao_significativo
2024,SUZB3.SA,SUZB3,Suzano S.A.,SUZANO S.A. ON      NM,Basic Materials,Paper & Paper Products,1.8941,0.7672,0.0245,6,False,4.0968,4.1331,25.2788,-28.4992,6918107.0,274.357,Menos sensível,1.8941,nao_significativo
2024,ABEV3.SA,ABEV3,Ambev S.A.,AMBEV S/A   ON,Consumer Defensive,Beverages - Brewers,2.0191,0.7915,0.0196,6,False,-3.8467,-1.0368,18.6068,-19.4041,29173614.0,-28.1582,Menos sensível,2.0191,nao_significativo
2024,MBRF3.SA,MBRF3,MBRF Global Foods Company S.A.,MARFRIG     ON      NM,Consumer Defensive,Packaged Foods,2.2725,0.8078,0.0166,6,False,4.863,8.9585,43.2787,-15.9112,6968602.0,281.2124,Menos sensível,2.2725,nao_significativo
2024,RDOR3.SA,RDOR3,Rede D'Or São Luiz S.A.,REDE D OR   ON      NM,Healthcare,Medical Care Facilities,3.527,0.2248,0.3396,6,False,-5.7778,-6.178,29.7669,-26.341,5931646.0,-58.8613,Menos sensível,3.527,nao_significativo
2024,YDUQ3.SA,YDUQ3,Yduqs Participações S.A.,YDUQS PART  ON      NM,Consumer Defensive,Education & Training Services,8.856,0.5488,0.0966,6,False,-7.921,-8.1415,48.3923,-62.7807,4652451.0,-70.396,Menos sensível,8.856,nao_significativo
2024,COGN3.SA,COGN3,Cogna Educação S.A.,COGNA ON    ON      NM,Consumer Defensive,Education & Training Services,9.7665,0.1996,0.3707,6,False,-7.3749,-6.6259,53.9201,-70.6231,40019918.0,-93.7736,Menos sensível,9.7665,nao_significativo
2024,BRAV3.SA,BRAV3,Brava Energia S.A.,BRAVA       ON      NM,Energy,Oil & Gas E&P,16.2079,0.228,0.3359,6,False,6.9081,8.0663,40.3878,-56.4164,6414613.0,16.3613,Menos sensível,16.2079,nao_significativo
2025,POMO4.SA,POMO4,Marcopolo S.A.,MARCOPOLO   PN      N2,Industrials,Farm & Heavy Construction Machinery,-22.8999,0.0508,0.901,4,False,-0.8579,-0.8159,36.1059,-31.315,13750854.0,224.3076,Mais sensível,22.8999,nao_significativo
2025,VIVA3.SA,VIVA3,Vivara Participações S.A.,VIVARA S.A. ON      NM,Consumer Cyclical,Luxury Goods,-21.2838,0.4832,0.2671,4,False,3.1777,0.6615,35.8471,-24.3526,3398956.0,56.9239,Mais sensível,21.2838,nao_significativo
2025,PRIO3.SA,PRIO3,Prio S.A.,PRIO        ON      NM,Energy,Oil & Gas E&P,-20.804,0.3501,0.4224,4,False,-3.3936,-0.5955,30.3164,-23.5116,9315590.0,2327.5322,Mais sensível,20.804,nao_significativo
2025,KLBN11.SA,KLBN11,Klabin S.A.,KLABIN S/A  UNT     N2,Basic Materials,Paper & Paper Products,-20.1487,0.0469,0.9085,4,True,-5.959,-4.3827,20.1303,-22.803,5126981.0,73.0816,Mais sensível,20.1487,significativo
2025,GOAU4.SA,GOAU4,Metalurgica Gerdau S.A.,GERDAU MET  PN      N1,Basic Materials,Steel,-18.1463,0.3187,0.4641,4,False,-2.0596,-1.0861,27.4279,-22.2268,10331520.0,259.2978,Mais sensível,18.1463,nao_significativo
2025,GGBR4.SA,GGBR4,Gerdau S.A.,GERDAU      PN      N1,Basic Materials,Steel,-17.8479,0.3758,0.3896,4,False,-1.5639,-0.6881,27.3649,-21.8827,10697142.0,209.4657,Mais sensível,17.8479,nao_significativo
2025,WEGE3.SA,WEGE3,WEG S.A.,WEG         ON      NM,Industrials,Electrical Equipment & Parts,-14.4795,0.1731,0.6837,4,False,-0.9788,-3.0297,29.753,-37.5549,8573853.0,490.1078,Mais sensível,14.4795,nao_significativo
2025,CSNA3.SA,CSNA3,Companhia Siderúrgica Nacional,SID NACIONALON,Basic Materials,Steel,-13.6374,0.1596,0.7063,4,False,-5.7275,-6.0562,45.6942,-33.7573,10270859.0,71.2416,Mais sensível,13.6374,nao_significativo
2025,MRVE3.SA,MRVE3,MRV Engenharia e Participações S.A.,MRV         ON      NM,Real Estate,Real Estate - Development,-12.9305,0.6533,0.1202,4,False,5.2416,0.2409,46.7445,-24.8322,10032543.0,-27.4668,Mais sensível,12.9305,nao_significativo
2025,VALE3.SA,VALE3,Vale S.A.,VALE        ON      NM,Basic Materials,Other Industrial Metals & Mining,-12.804,0.2667,0.5377,4,False,0.9329,0.4609,20.9619,-15.3912,23272098.0,232.0825,Mais sensível,12.804,nao_significativo
2025,BRAV3.SA,BRAV3,Brava Energia S.A.,BRAVA       ON      NM,Energy,Oil & Gas E&P,-12.3476,0.4355,0.3186,4,False,-5.4344,-7.8455,42.7962,-47.498,9246543.0,-16.6869,Mais sensível,12.3476,nao_significativo
2025,CSMG3.SA,CSMG3,Companhia de Saneamento de Minas Gerais,COPASA      ON      NM,Utilities,Utilities - Regulated Water,-12.095,0.6709,0.1083,4,False,-0.0793,0.1034,28.1076,-19.5959,2347132.0,532.3677,Mais sensível,12.095,nao_significativo
2025,PETR3.SA,PETR3,Petróleo Brasileiro S.A. - Petrobras,PETROBRAS   ON  EJ  N2,Energy,Oil & Gas Integrated,-11.651,0.2901,0.504,4,False,-4.9264,-6.985,25.2702,-23.5168,10485477.0,559.0951,Mais sensível,11.651,nao_significativo
2025,SUZB3.SA,SUZB3,Suzano S.A.,SUZANO S.A. ON      NM,Basic Materials,Paper & Paper Products,-11.2883,0.3811,0.3831,4,False,-3.4106,-2.4723,20.6743,-26.2165,5586946.0,218.5172,Mais sensível,11.2883,nao_significativo
2025,BRAP4.SA,BRAP4,Bradespar S.A.,BRADESPAR   PN      N1,Financial Services,Asset Management,-10.4321,0.2352,0.5849,4,False,-1.0778,-0.1018,20.0143,-13.4929,3762391.0,373.566,Mais sensível,10.4321,nao_significativo
2025,CMIN3.SA,CMIN3,CSN Mineração S.A.,CSNMINERACAOON      N2,Basic Materials,Steel,-10.3926,0.425,0.3307,4,False,-9.0177,-6.9908,34.0912,-22.2984,6512254.0,7.2523,Mais sensível,10.3926,nao_significativo
2025,PETR4.SA,PETR4,Petróleo Brasileiro S.A. - Petrobras,PETROBRAS   PN  EX  N2,Energy,Oil & Gas Integrated,-10.1294,0.3387,0.4373,4,False,-3.913,-5.7601,21.745,-21.0559,35118130.0,598.968,Mais sensível,10.1294,nao_significativo
2025,PSSA3.SA,PSSA3,Porto Seguro S.A.,PORTO SEGUROON      NM,Financial Services,Insurance - Diversified,-7.0312,0.6589,0.1164,4,False,-1.0906,1.3636,23.7118,-19.2598,2090767.0,309.2685,Intermediário,7.0312,nao_significativo
2025,LREN3.SA,LREN3,Lojas Renner S.A.,LOJAS RENNERON      NM,Consumer Cyclical,Department Stores,-6.9675,0.7708,0.0525,4,False,-0.5575,-2.4291,40.6135,-30.7583,16761349.0,-36.4168,Intermediário,6.9675,nao_significativo
2025,BRKM5.SA,BRKM5,Braskem S.A.,BRASKEM     PNA     N1,Basic Materials,Chemicals,-5.2943,0.7942,0.0423,4,False,-10.2076,-9.8791,54.635,-57.9584,3849460.0,-76.3,Intermediário,5.2943,nao_significativo
2025,AZZA3.SA,AZZA3,Azzas 2154 S.A.,AZZAS 2154  ON  ATZ NM,Consumer Cyclical,Footwear & Accessories,-4.0277,0.917,0.0069,4,False,2.2172,-1.1077,47.5427,-45.9382,2585847.0,-42.5604,Intermediário,4.0277,nao_significativo
2025,MBRF3.SA,MBRF3,MBRF Global Foods Company S.A.,MARFRIG     ON      NM,Consumer Defensive,Packaged Foods,-3.563,0.9242,0.0058,4,False,3.3065,3.9918,55.6892,-45.3852,8948115.0,347.2474,Intermediário,3.563,nao_significativo
2025,HAPV3.SA,HAPV3,Hapvida Participações e Investimentos S.A.,HAPVIDA     ON      NM,Financial Services,Insurance - Life,-2.8379,0.9135,0.0075,4,False,-6.4345,-3.1148,60.3599,-69.2237,6537058.0,-81.9346,Intermediário,2.8379,nao_significativo
2025,RECV3.SA,RECV3,Petroreconcavo S.A.,PETRORECSA  ON      NM,Energy,Oil & Gas E&P,-2.8207,0.898,0.0104,4,False,-5.3845,-4.0816,33.5624,-35.2583,2835838.0,-1.3417,Intermediário,2.8207,nao_significativo
2025,ALOS3.SA,ALOS3,Allos S.A.,ALLOS       ON      NM,Real Estate,Real Estate Services,-2.4853,0.7273,0.0743,4,False,1.5224,0.5091,22.6105,-9.8585,4174981.0,45.0196,Intermediário,2.4853,nao_significativo
2025,RADL3.SA,RADL3,Raia Drogasil S.A.,RAIADROGASILON      NM,Healthcare,Pharmaceutical Retailers,-1.9158,0.9235,0.0059,4,False,-4.2691,-5.3179,42.7651,-40.926,11530160.0,50.6136,Intermediário,1.9158,nao_significativo
2025,VIVT3.SA,VIVT3,Telefônica Brasil S.A.,TELEF BRASILON  EJ,Communication Services,Telecom Services,-1.8867,0.8395,0.0258,4,False,2.5312,1.7581,23.4109,-8.3827,4980255.0,182.6,Intermediário,1.8867,nao_significativo
2025,B3SA3.SA,B3SA3,"B3 S.A. - Brasil, Bolsa, Balcão",B3          ON      NM,Financial Services,Financial Data & Stock Exchanges,-1.3887,0.7873,0.0452,4,False,-4.6436,-4.7195,32.0027,-17.6125,38252282.0,138.2127,Intermediário,1.3887,nao_significativo
2025,BBDC4.SA,BBDC4,Banco Bradesco S.A.,BRADESCO    PN  EJ  N1,Financial Services,Banks - Regional,-1.3119,0.9174,0.0068,4,False,0.4749,-0.0639,26.4823,-9.9359,34366231.0,46.3444,Intermediário,1.3119,nao_significativo
2025,EGIE3.SA,EGIE3,Engie Brasil Energia S.A.,ENGIE BRASILON      NM,Utilities,Utilities - Renewable,-1.0455,0.679,0.103,4,False,0.8771,1.3671,21.7708,-19.6846,1940813.0,162.7428,Intermediário,1.0455,nao_significativo
2025,BBDC3.SA,BBDC3,Banco Bradesco S.A.,BRADESCO    ON  EJ  N1,Financial Services,Banks - Regional,-0.8122,0.9352,0.0042,4,False,-0.3732,-0.6346,24.7191,-7.975,7709674.0,37.1098,Intermediário,0.8122,nao_significativo
2025,BPAC11.SA,BPAC11,Banco BTG Pactual S.A.,BTGP BANCO  UNT     N2,Financial Services,Capital Markets,-0.5384,0.599,0.1608,4,False,-2.9625,-2.7374,29.0515,-10.2169,8432088.0,1333.6159,Intermediário,0.5384,nao_significativo
2025,CMIG4.SA,CMIG4,Companhia Energética de Minas Gerais - CEMIG,CEMIG       PN      N1,Utilities,Utilities - Regulated Electric,-0.0372,0.9933,0.0,4,False,0.1036,-0.1198,22.0761,-11.3944,11814565.0,619.5359,Menos sensível,0.0372,nao_significativo
2025,TAEE11.SA,TAEE11,Transmissora Aliança de Energia Elétrica S.A.,TAESA       UNT     N2,Utilities,Utilities - Regulated Electric,0.4145,0.8142,0.0345,4,False,-1.598,-1.4012,16.108,-10.4222,1831522.0,337.6833,Menos sensível,0.4145,nao_significativo
2025,IGTI11.SA,IGTI11,Iguatemi S.A.,IGUATEMI S.AUNT     N1,Real Estate,Real Estate Services,0.5108,0.9637,0.0013,4,False,0.9006,1.4217,26.1868,-11.6,2537831.0,38.3543,Menos sensível,0.5108,nao_significativo
2025,MULT3.SA,MULT3,Multiplan Empreendimentos Imobiliários S.A.,MULTIPLAN   ON      N2,Real Estate,Real Estate Services,0.6263,0.9548,0.002,4,False,-0.0551,-0.3144,22.9995,-13.1228,3967491.0,43.7188,Menos sensível,0.6263,nao_significativo
2025,RAIL3.SA,RAIL3,Rumo S.A.,RUMO S.A.   ON      NM,Industrials,Railroads,0.9418,0.9539,0.0021,4,False,0.519,-0.0151,33.3547,-26.1289,13486453.0,19.6435,Menos sensível,0.9418,nao_significativo
2025,HYPE3.SA,HYPE3,Hypera S.A.,HYPERA      ON      NM,Healthcare,Drug Manufacturers - Specialty & Generic,1.0432,0.946,0.0029,4,False,1.8299,3.1461,30.0252,-24.8142,3526918.0,-11.8444,Menos sensível,1.0432,nao_significativo
2025,FLRY3.SA,FLRY3,Fleury S.A.,FLEURY      ON      NM,Healthcare,Diagnostics & Research,1.0697,0.9312,0.0047,4,False,-0.3434,-0.5314,28.3225,-12.6691,3380174.0,-19.876,Menos sensível,1.0697,nao_significativo
2025,CSAN3.SA,CSAN3,Cosan S.A.,COSAN       ON  ATZ NM,Energy,Oil & Gas Refining & Marketing,1.3687,0.929,0.005,4,False,-8.0005,-6.7303,48.1009,-40.4403,26299679.0,-39.9058,Menos sensível,1.3687,nao_significativo
2025,ISAE4.SA,ISAE4,ISA Energía Brasil S.A.,ISA ENERGIA PN      N1,Utilities,Utilities - Independent Power Producers,1.9556,0.6507,0.122,4,False,-1.5164,-1.4476,17.1538,-13.2021,2209697.0,240.504,Menos sensível,1.9556,nao_significativo
2025,ENEV3.SA,ENEV3,Eneva S.A.,ENEVA       ON      NM,Utilities,Utilities - Diversified,2.0185,0.4314,0.3233,4,False,0.389,0.4529,27.3128,-10.5978,9975517.0,472.4823,Menos sensível,2.0185,nao_significativo
2025,DIRR3.SA,DIRR3,Direcional Engenharia S.A.,DIRECIONAL  ON      NM,Real Estate,Real Estate - Development,2.1442,0.8034,0.0387,4,False,5.2597,5.2932,30.0333,-21.0605,5587617.0,1311.9879,Menos sensível,2.1442,nao_significativo
2025,ENGI11.SA,ENGI11,Energisa S.A.,ENERGISA    UNT     N2,Utilities,Utilities - Regulated Electric,2.8208,0.5277,0.2231,4,False,1.3373,0.8949,25.4421,-9.7141,2996886.0,170.1074,Menos sensível,2.8208,nao_significativo
2025,CYRE3.SA,CYRE3,Cyrela Brazil Realty S.A. Empreendimentos e Participações,CYRELA REALTON      NM,Consumer Cyclical,Residential Construction,3.4601,0.7348,0.0703,4,False,3.1472,2.3754,31.1503,-17.8874,5378091.0,264.0866,Menos sensível,3.4601,nao_significativo
2025,AURE3.SA,AURE3,Auren Energia S.A.,AUREN       ON      NM,Utilities,Utilities - Renewable,3.6254,0.8077,0.037,4,False,-2.0991,-1.6362,32.0051,-16.4972,5142349.0,-6.9547,Menos sensível,3.6254,nao_significativo
2025,TOTS3.SA,TOTS3,TOTVS S.A.,TOTVS       ON      NM,Technology,Software - Application,3.739,0.5753,0.1804,4,False,4.778,4.2005,27.6167,-12.8526,3332243.0,361.4161,Menos sensível,3.739,nao_significativo
2025,MGLU3.SA,MGLU3,Magazine Luiza S.A.,MAGAZ LUIZA ON      NM,Consumer Cyclical,Specialty Retail,3.7634,0.8647,0.0183,4,False,-1.5827,-0.3739,63.5453,-42.2107,26631416.0,-57.7005,Menos sensível,3.7634,nao_significativo
2025,RDOR3.SA,RDOR3,Rede D'Or São Luiz S.A.,REDE D OR   ON      NM,Healthcare,Medical Care Facilities,3.9785,0.7381,0.0686,4,False,1.0056,0.8416,26.0605,-13.7451,5415935.0,-27.2389,Menos sensível,3.9785,nao_significativo
2025,CPFE3.SA,CPFE3,CPFL Energia S.A.,CPFL ENERGIAON      NM,Utilities,Utilities - Regulated Electric,4.3737,0.6587,0.1165,4,False,1.1754,0.8605,19.7389,-9.7259,1737005.0,308.0279,Menos sensível,4.3737,nao_significativo
2025,VAMO3.SA,VAMO3,"Vamos Locação de Caminhões, Máquinas e Equipamentos S.A.",VAMOS       ON      NM,Industrials,Rental & Leasing Services,4.4143,0.8929,0.0115,4,False,-3.8842,-3.7154,60.4535,-46.593,13176532.0,-52.8076,Menos sensível,4.4143,nao_significativo
2025,ITSA4.SA,ITSA4,Itaúsa S.A.,ITAUSA      PN  EJ  N1,Industrials,Conglomerates,4.9508,0.3669,0.4008,4,False,-1.6478,-0.2965,19.9857,-9.0819,27875171.0,182.7617,Menos sensível,4.9508,nao_significativo
2025,ITUB4.SA,ITUB4,Itaú Unibanco Holding S.A.,ITAUUNIBANCOPN  EJ  N1,Financial Services,Banks - Regional,5.6342,0.1389,0.7415,4,False,-1.339,-1.196,20.2896,-9.1983,23609756.0,151.0683,Menos sensível,5.6342,nao_significativo
2025,BEEF3.SA,BEEF3,Minerva S.A.,MINERVA     ON      NM,Consumer Defensive,Packaged Foods,5.9134,0.8464,0.0236,4,False,2.6176,5.3789,46.5302,-38.9323,13228888.0,-32.0306,Menos sensível,5.9134,nao_significativo
2025,UGPA3.SA,UGPA3,Ultrapar Participações S.A.,ULTRAPAR    ON      NM,Energy,Oil & Gas Refining & Marketing,6.7016,0.286,0.5098,4,False,-1.4401,-2.4413,35.0851,-13.1038,6302700.0,55.8203,Menos sensível,6.7016,nao_significativo
2025,EQTL3.SA,EQTL3,Equatorial S.A.,EQUATORIAL  ON      NM,Utilities,Utilities - Regulated Electric,6.9132,0.1485,0.7251,4,False,-0.7489,-0.4723,22.15,-10.2599,8111028.0,253.9362,Menos sensível,6.9132,nao_significativo
2025,VBBR3.SA,VBBR3,Vibra Energia S.A.,VIBRA       ON      NM,Consumer Cyclical,Specialty Retail,7.2408,0.6222,0.1428,4,False,3.8383,3.042,29.2534,-11.9266,11185797.0,102.2313,Menos sensível,7.2408,nao_significativo
2025,SMFT3.SA,SMFT3,Smartfit Escola de Ginástica e Dança S.A.,SMART FIT   ON  EJ  NM,Consumer Cyclical,Leisure,7.3964,0.7521,0.0615,4,False,0.6601,1.4465,32.5785,-16.6578,4606367.0,-17.6904,Menos sensível,7.3964,nao_significativo
2025,CURY3.SA,CURY3,Cury Construtora e Incorporadora S.A.,CURY S/A    ON      NM,Real Estate,Real Estate - Development,7.5017,0.5992,0.1606,4,False,2.4978,4.3799,29.1639,-14.4431,2206523.0,427.3805,Menos sensível,7.5017,nao_significativo
2025,SANB11.SA,SANB11,Banco Santander (Brasil) S.A.,SANTANDER BRUNT,Financial Services,Banks - Regional,8.45,0.1146,0.7839,4,False,-3.5837,-3.5894,24.7561,-13.8738,2817590.0,79.3665,Menos sensível,8.45,nao_significativo
2025,CXSE3.SA,CXSE3,Caixa Seguridade Participações S.A.,CAIXA SEGURION      NM,Financial Services,Insurance - Diversified,8.5649,0.0544,0.8941,4,False,0.9613,1.1741,21.4013,-17.2861,4347808.0,137.1275,Menos sensível,8.5649,nao_significativo
2025,ASAI3.SA,ASAI3,Sendas Distribuidora S.A.,ASSAI       ON      NM,Consumer Defensive,Grocery Stores,9.5722,0.6776,0.1039,4,False,3.9662,3.265,45.175,-40.1349,16239536.0,-47.0194,Menos sensível,9.5722,nao_significativo
2025,BBSE3.SA,BBSE3,BB Seguridade Participações S.A.,BBSEGURIDADEON      NM,Financial Services,Insurance - Diversified,9.6066,0.1394,0.7407,4,False,-1.1422,-0.7408,17.7218,-21.8144,5446816.0,151.757,Menos sensível,9.6066,nao_significativo
2025,EMBJ3.SA,EMBJ3,Embraer S.A.,EMBRAER     ON      NM,Industrials,Aerospace & Defense,9.7096,0.734,0.0708,4,False,-5.5518,-2.4623,38.6872,-24.3158,5664437.0,338.3247,Menos sensível,9.7096,nao_significativo
2025,SBSP3.SA,SBSP3,Companhia de Saneamento Básico do Estado de São Paulo - SABESP,SABESP      ON      NM,Utilities,Utilities - Regulated Water,9.715,0.2229,0.6038,4,False,-0.6256,0.8422,24.1003,-11.3075,16003066.0,392.2827,Menos sensível,9.715,nao_significativo
2025,AXIA3.SA,AXIA3,AXIA Energia SA,AXIA ENERGIAON      NM,Utilities,Utilities - Renewable,9.9918,0.213,0.6193,4,False,-1.2314,-0.3879,22.9505,-27.0068,8262444.0,261.8464,Menos sensível,9.9918,nao_significativo
2025,SLCE3.SA,SLCE3,SLC Agrícola S.A.,SLC AGRICOLAON      NM,Consumer Defensive,Farm Products,10.1141,0.07,0.8648,4,False,1.9585,2.4405,21.3463,-22.725,2544425.0,313.3773,Menos sensível,10.1141,nao_significativo
2025,CPLE3.SA,CPLE3,Companhia Paranaense de Energia - COPEL,COPEL       ON      NM,Utilities,Utilities - Regulated Electric,10.1508,0.1216,0.7715,4,False,2.3584,1.5226,21.3294,-8.9527,6319523.0,880.9516,Menos sensível,10.1508,nao_significativo
2025,ABEV3.SA,ABEV3,Ambev S.A.,AMBEV S/A   ON,Consumer Defensive,Beverages - Brewers,10.996,0.2263,0.5986,4,False,0.7248,2.4424,20.8228,-18.9091,31150931.0,-9.6463,Menos sensível,10.996,nao_significativo
2025,BBAS3.SA,BBAS3,Banco do Brasil S.A.,BRASIL      ON  EJ  NM,Financial Services,Banks - Regional,11.7992,0.6043,0.1566,4,False,-3.6244,-8.4252,26.1264,-37.1943,28124574.0,129.2871,Menos sensível,11.7992,nao_significativo
2025,TIMS3.SA,TIMS3,TIM S.A.,TIM         ON      NM,Communication Services,Telecom Services,12.3199,0.1546,0.7148,4,False,3.9768,3.1696,24.1234,-12.1771,6661187.0,165.8576,Menos sensível,12.3199,nao_significativo
2025,USIM5.SA,USIM5,Usinas Siderúrgicas de Minas Gerais S.A.,USIMINAS    PNA     N1,Basic Materials,Steel,13.0569,0.1193,0.7756,4,False,-2.895,-3.0113,40.5795,-36.0522,12817033.0,-20.8945,Menos sensível,13.0569,nao_significativo
2025,CEAB3.SA,CEAB3,C&A Modas S.A.,CEA MODAS   ON      NM,Consumer Cyclical,Specialty Retail,13.1561,0.5959,0.1633,4,False,8.5323,9.2118,51.115,-40.0969,4530117.0,-21.5555,Menos sensível,13.1561,nao_significativo
2025,MOTV3.SA,MOTV3,Motiva Infraestrutura de Mobilidade S.A.,MOTIVA SA   ON      NM,Industrials,Infrastructure Operations,13.9085,0.0678,0.869,4,False,2.7375,1.2786,25.4352,-12.0172,9241512.0,17.6867,Menos sensível,13.9085,nao_significativo
2025,RENT3.SA,RENT3,Localiza Rent a Car S.A.,LOCALIZA    ON      NM,Industrials,Rental & Leasing Services,21.5898,0.5074,0.2427,4,False,-1.0719,1.3069,37.3128,-26.3984,9121504.0,140.4849,Menos sensível,21.5898,nao_significativo
2025,COGN3.SA,COGN3,Cogna Educação S.A.,COGNA ON    ON      NM,Consumer Defensive,Education & Training Services,36.9131,0.1708,0.6876,4,False,2.8906,7.1501,47.4303,-18.4127,41690158.0,-78.8696,Menos sensível,36.9131,nao_significativo
2025,YDUQ3.SA,YDUQ3,Yduqs Participações S.A.,YDUQS PART  ON      NM,Consumer Defensive,Education & Training Services,37.3445,0.2435,0.5723,4,False,3.6128,3.9861,49.2446,-34.5455,4235221.0,-54.0665,Menos sensível,37.3445,nao_significativo
